movie_name,month,year,sequel
10 Cloverfield Lane,3,2016,0
10000 BC,3,2008,0
102 Dalmatians,11,2000,0
12 Rounds,3,2009,0
12 Strong,1,2018,0
12 Years a Slave,10,2013,0
127 Hours,11,2010,0
13 Going on 30,4,2004,0
13 Hours: The Secret Soldiers of Benghazi,1,2016,0
1408,6,2007,0
15 Minutes,3,2001,0
16 Blocks,3,2006,0
17 Again,4,2009,0
2 Fast 2 Furious,6,2003,0
2 Guns,8,2013,0
2012,11,2009,0
20th Century Women,12,2016,0
21,3,2008,0
21 & Over,3,2013,0
21 Bridges,11,2019,0
21 Grams,11,2003,0
21 Jump Street,3,2012,0
22 Jump Street,6,2014,0
25th Hour,12,2002,0
27 Dresses,1,2008,0
28 Days,4,2000,0
28 Weeks Later,5,2007,0
3 Days to Kill,2,2014,0
3 Strikes,3,2000,0
30 Days of Night,10,2007,0
30 Minutes or Less,8,2011,0
3000 Miles to Graceland,2,2001,0
300: Rise of an Empire,3,2014,0
3:10 to Yuma,9,2007,0
40 Days and 40 Nights,3,2002,0
42,4,2013,0
47 Meters Down,6,2017,0
47 Meters Down: Uncaged,8,2019,1
47 Ronin,12,2013,0
50 First Dates,2,2004,0
50/50,9,2011,0
500 Days of Summer,7,2009,0
65,3,2023,0
8 Mile,11,2002,0
80 for Brady,2,2023,0
88 Minutes,4,2008,0
9,9,2009,0
90 Minutes in Heaven,9,2015,0
A Bad Moms Christmas,11,2017,0
A Beautiful Day in the Neighborhood,12,2019,0
A Beautiful Mind,12,2001,0
A Better Life,6,2011,0
A Christmas Carol,11,2009,0
A Cinderella Story,7,2004,0
A Cure for Wellness,2,2017,0
A Dangerous Method,11,2011,0
A Dog's Journey,5,2019,1
A Dog's Purpose,1,2017,0
A Dog's Way Home,1,2019,0
A Ghost Story,7,2017,0
A Good Day to Die Hard,2,2013,0
A Good Year,11,2006,0
A Guy Thing,1,2003,0
A Haunted House,1,2013,0
A Haunted House 2,4,2014,0
A History of Violence,9,2005,0
A Hologram for the King,4,2016,0
A Home at the End of the World,7,2004,0
A Knight's Tale,5,2001,0
A Lot Like Love,4,2005,0
A Madea Family Funeral,3,2019,1
A Man Apart,4,2003,0
A Mighty Heart,6,2007,0
A Mighty Wind,4,2003,0
A Million Ways to Die in the West,5,2014,0
A Monster Calls,12,2016,0
A Most Violent Year,12,2014,0
A Most Wanted Man,7,2014,0
A Nightmare on Elm Street,4,2010,0
A Perfect Getaway,8,2009,0
A Prairie Home Companion,6,2006,0
A Quiet Place,4,2018,0
A Scanner Darkly,7,2006,0
A Series of Unfortunate Events,12,2004,0
A Serious Man,10,2009,0
A Simple Favor,9,2018,0
A Single Man,12,2009,0
A Sound of Thunder,9,2005,0
A Star Is Born,10,2018,0
A Thousand Words,3,2012,0
A Very Harold & Kumar Christmas,11,2011,1
A Very Long Engagement,11,2004,0
A Walk Among the Tombstones,9,2014,0
A Walk in the Woods,9,2015,0
A Walk to Remember,1,2002,0
A Wrinkle in Time,3,2018,0
A.I. Artificial Intelligence,6,2001,0
ATL,3,2006,0
Abandon,10,2002,0
Abduction,9,2011,0
Abominable,9,2019,0
About Last Night,2,2014,0
About Schmidt,12,2002,0
About Time,9,2013,0
About a Boy,5,2002,0
Abraham Lincoln: Vampire Hunter,6,2012,0
Accepted,8,2006,0
Acrimony,3,2018,0
Across the Universe,9,2007,0
Act of Valor,2,2012,0
Action Point,6,2018,0
Ad Astra,9,2019,0
Adaptation.,12,2002,0
Addicted,10,2014,0
Admission,3,2013,0
Adrift,6,2018,0
Adventureland,4,2009,0
After,4,2019,0
After Earth,5,2013,0
After the Sunset,11,2004,0
Against the Ropes,2,2004,0
Agent Cody Banks,3,2003,0
Agent Cody Banks 2: Destination London,3,2004,0
Akeelah and the Bee,4,2006,0
Aladdin,5,2019,0
Alex & Emma,6,2003,0
Alex Cross,10,2012,0
Alexander,11,2004,0
Alexander and the Terrible Horrible No Good Very Bad Day,10,2014,0
"Alexander and the Terrible, Horrible, No Good, Very Bad Day",10,2014,0
Alfie,11,2004,0
Ali,12,2001,0
Alice Through the Looking Glass,5,2016,1
Alice in Wonderland,3,2010,0
Alien vs. Predator,8,2004,0
Alien: Covenant,5,2017,1
Aliens in the Attic,7,2009,0
Alita: Battle Angel,2,2019,0
All About Steve,9,2009,0
All About the Benjamins,3,2002,0
All Eyez on Me,6,2017,0
All Saints,8,2017,0
All or Nothing,10,2002,0
All the King's Men,9,2006,0
All the Money in the World,12,2017,0
All the Pretty Horses,12,2000,0
Allied,11,2016,0
Almost Christmas,11,2016,0
Almost Famous,9,2000,0
Aloha,5,2015,0
Alone in the Dark,1,2005,0
Along Came Polly,1,2004,0
Along Came a Spider,4,2001,0
Alpha,8,2018,0
Alpha and Omega,9,2010,0
Alvin and the Chipmunks,12,2007,0
Alvin and the Chipmunks: Chipwrecked,12,2011,1
Alvin and the Chipmunks: The Road Chip,12,2015,0
Alvin and the Chipmunks: The Squeakquel,12,2009,0
Amelia,10,2009,0
America's Sweethearts,7,2001,0
American Assassin,9,2017,0
American Dreamz,4,2006,0
American Gangster,11,2007,0
American Hustle,12,2013,0
American Made,9,2017,0
American Outlaws,8,2001,0
American Pie 2,8,2001,0
American Psycho,10,2020,0
American Reunion,4,2012,1
American Sniper,12,2014,0
American Splendor,8,2003,0
American Ultra,8,2015,0
American Wedding,8,2003,0
Amour,12,2012,0
Am�lie,11,2001,0
An American Carol,10,2008,0
An Education,10,2009,0
An Everlasting Piece,12,2000,0
An Inconvenient Sequel: Truth to Power,7,2017,0
An Inconvenient Truth,5,2006,0
An Unfinished Life,9,2005,0
Anacondas: The Hunt for the Blood Orchid,8,2004,0
Analyze That,12,2002,0
Anchorman: The Legend of Ron Burgundy,7,2004,0
And So It Goes,7,2014,0
Angel Eyes,5,2001,0
Angel Has Fallen,8,2019,1
Angels & Demons,5,2009,0
Anger Management,4,2003,0
Animal Kingdom,8,2010,0
Anna,6,2019,0
Anna Karenina,11,2012,0
Annabelle,10,2014,0
Annabelle Comes Home,6,2019,0
Annabelle: Creation,8,2017,0
Annie,12,2014,0
Annihilation,2,2018,0
Anomalisa,12,2015,0
Anonymous,10,2011,0
Another Year,12,2010,0
Ant-Man,7,2015,0
Ant-Man and the Wasp,7,2018,1
Ant-Man and the Wasp: Quantumania,2,2023,1
Antitrust,1,2001,0
Antwone Fisher,12,2002,0
Anyone But You,12,2023,0
Anything Else,9,2003,0
Apocalypto,12,2006,0
Apollo 18,9,2011,0
Appaloosa,9,2008,0
Aqua Teen Hunger Force Colon Movie Film for Theaters,4,2007,0
Aquaman,12,2018,0
Aquaman and the Lost Kingdom,12,2023,1
Aquamarine,3,2006,0
Ararat,11,2002,0
Arbitrage,9,2012,0
Arctic Dogs,11,2019,0
Are We There Yet?,1,2005,0
Argo,10,2012,0
Argylle,1,2024,0
Armored,12,2009,0
Around the World in 80 Days,6,2004,0
Arrival,11,2016,0
Arthur,4,2011,0
Arthur Christmas,11,2011,0
"As Above, So Below",8,2014,0
Assassin's Creed,12,2016,0
Assault on Precinct 13,1,2005,0
Astro Boy,10,2009,0
Atlantis: The Lost Empire,6,2001,0
Atlas Shrugged: Part I,4,2011,0
Atomic Blonde,7,2017,0
Atonement,12,2007,0
Attack the Block,7,2011,0
August Rush,11,2007,0
August: Osage County,12,2013,0
Austin Powers in Goldmember,7,2002,0
Australia,11,2008,0
Autumn in New York,8,2000,0
Avatar,12,2009,0
Avengers: Age of Ultron,5,2015,1
Avengers: Endgame,4,2019,1
Avengers: Infinity War,4,2018,0
Awake,11,2007,0
Away We Go,6,2009,0
Babel,10,2006,0
Baby Boy,6,2001,0
Baby Driver,6,2017,0
Baby Mama,4,2008,0
Babylon A.D.,8,2008,0
Bachelorette,9,2012,0
Bad Boys II,7,2003,1
Bad Company,6,2002,0
Bad Education,11,2004,0
Bad Lieutenant: Port of Call New Orleans,11,2009,0
Bad Moms,7,2016,0
Bad News Bears,7,2005,0
Bad Santa,11,2003,0
Bad Santa 2,11,2016,0
Bad Teacher,6,2011,0
Bad Times at the El Royale,10,2018,0
Bad Words,3,2014,0
Baggage Claim,9,2013,0
Bait,9,2000,0
Ballistic: Ecks vs. Sever,9,2002,0
Bandits,10,2001,0
Bandslam,8,2009,0
Bangkok Dangerous,9,2008,0
Barbershop,9,2002,0
Barbershop 2: Back in Business,2,2004,0
Barbershop: The Next Cut,4,2016,1
Barbie,7,2023,0
Barnyard,8,2006,0
Basic,3,2003,0
Basic Instinct 2,3,2006,0
Batman Begins,6,2005,0
Batman v Superman: Dawn of Justice,3,2016,0
Battle Los Angeles,3,2011,0
Battle of the Sexes,9,2017,0
Battle of the Year,9,2013,0
Battleship,5,2012,0
Baywatch,5,2017,0
Be Cool,3,2005,0
Be Kind Rewind,2,2008,0
Beastly,3,2011,0
Beasts of the Southern Wild,6,2012,0
Beautiful Boy,10,2018,0
Beautiful Creatures,2,2013,0
Beauty Shop,3,2005,0
Beauty and the Beast,3,2017,0
Because I Said So,2,2007,0
Because of Winn-Dixie,2,2005,0
Becoming Jane,8,2007,0
Bedazzled,10,2000,0
Bedtime Stories,12,2008,0
Bee Movie,11,2007,0
Bee Season,11,2005,0
Beerfest,8,2006,0
Before I Fall,3,2017,0
Before I Go to Sleep,10,2014,0
Before Midnight,5,2013,0
Before Sunset,7,2004,0
Behind Enemy Lines,11,2001,0
Being Julia,10,2004,0
Ben-Hur,8,2016,0
Beowulf,11,2007,0
Best in Show,9,2000,0
Beverly Hills Chihuahua,10,2008,0
Bewitched,6,2005,0
Beyond Borders,10,2003,0
Beyond the Lights,11,2014,0
Beyond the Sea,12,2004,0
Big Eyes,12,2014,0
Big Fat Liar,2,2002,0
Big Fish,12,2003,0
Big Hero 6,11,2014,0
Big Miracle,2,2012,0
Big Momma's House,6,2000,0
Big Momma's House 2,1,2006,0
Big Mommas: Like Father Like Son,2,2011,0
"Big Mommas: Like Father, Like Son",2,2011,1
Big Trouble,4,2002,0
Bigger Than the Sky,2,2005,0
Biker Boyz,1,2003,0
Billy Elliot,10,2000,0
Birdman or (The Unexpected Virtue of Ignorance),10,2014,0
Birth,10,2004,0
BlacKkKlansman,8,2018,0
Black Christmas,12,2006,0
Black Hawk Down,12,2001,0
Black Knight,11,2001,0
Black Mass,9,2015,0
Black Nativity,11,2013,0
Black Panther,2,2018,0
Black Snake Moan,3,2007,0
Black Swan,12,2010,0
Black and Blue,10,2019,0
Blackhat,1,2015,0
Blade II,3,2002,0
Blade Runner 2049,10,2017,1
Blade: Trinity,12,2004,0
Blades of Glory,3,2007,0
Blair Witch,9,2016,0
Bleed for This,12,2016,0
Blended,5,2014,0
Bless the Child,8,2000,0
Blinded by the Light,8,2019,0
Blindness,10,2008,0
Blockers,4,2018,0
Blood Diamond,12,2006,0
Blood Done Sign My Name,2,2010,0
Blood Work,8,2002,0
Blood and Chocolate,1,2007,0
Blow,4,2001,0
Blue Beetle,8,2023,0
Blue Crush,8,2002,0
Blue Jasmine,7,2013,0
Blue Valentine,12,2010,0
Boat Trip,3,2003,0
Bobby,11,2006,0
Bobby Jones: Stroke of Genius,4,2004,0
Body of Lies,10,2008,0
Bohemian Rhapsody,11,2018,0
Boiler Room,2,2000,0
Bolt,11,2008,0
Bombshell,12,2019,0
Bon Voyage,10,2003,0
Bones,10,2001,0
Boo 2! A Madea Halloween,10,2017,1
Boo! A Madea Halloween,10,2016,0
Boogeyman,2,2005,0
Book Club,5,2018,0
Book of Shadows: Blair Witch 2,10,2000,0
Booksmart,5,2019,0
Borat,11,2006,0
Bounce,11,2000,0
Bowling for Columbine,10,2002,0
Boy Erased,11,2018,0
Boyhood,7,2014,0
Boys and Girls,6,2000,0
Brave,6,2012,0
Breakin' All the Rules,5,2004,0
Breaking In,5,2018,0
Breakthrough,4,2019,0
Brick Mansions,4,2014,1
Bride & Prejudice,2,2005,0
Bride Wars,1,2009,0
Bridesmaids,5,2011,0
Bridge of Spies,10,2015,0
Bridge to Terabithia,2,2007,0
Bridget Jones's Baby,9,2016,1
Bridget Jones's Diary,4,2001,0
Bridget Jones: The Edge of Reason,11,2004,0
Bright Star,9,2009,0
Brightburn,5,2019,0
Bringing Down the House,3,2003,0
Brokeback Mountain,12,2005,0
Broken City,1,2013,0
Broken Flowers,8,2005,0
Brooklyn,11,2015,0
Brooklyn Rules,5,2007,0
Brother Bear,10,2003,0
Brothers,12,2009,0
Brown Sugar,10,2002,0
Bruce Almighty,5,2003,0
Brüno,7,2009,0
Bubble,1,2006,0
Bubble Boy,8,2001,0
Bucky Larson: Born to Be a Star,9,2011,0
Buffalo Soldiers,7,2003,0
Bulletproof Monk,4,2003,0
Bumblebee,12,2018,0
Buried,9,2010,0
Burlesque,11,2010,0
Burn After Reading,9,2008,0
Burnt,10,2015,0
CHIPS,3,2017,0
Ca$h,3,2010,0
Cabrini,3,2024,0
Caché,12,2005,0
Cadillac Records,12,2008,0
Café Society,5,2016,0
Calendar Girls,12,2003,0
Call Me by Your Name,11,2017,0
Can You Ever Forgive Me?,10,2018,0
Capitalism: A Love Story,9,2009,0
Capote,9,2005,0
Captain America: Civil War,5,2016,1
Captain America: The First Avenger,7,2011,0
Captain America: The Winter Soldier,4,2014,0
Captain Corelli's Mandolin,8,2001,0
Captain Fantastic,7,2016,0
Captain Marvel,3,2019,0
Captain Phillips,10,2013,0
Captain Underpants: The First Epic Movie,6,2017,0
Captive State,3,2019,0
Carnage,12,2011,0
Carol,11,2015,0
Carrie,10,2013,0
Cars,6,2006,0
Cars 2,6,2011,1
Cars 3,6,2017,1
Casa de mi Padre,3,2012,0
Casino Jack,12,2010,0
Casino Royale,11,2006,0
Cast Away,12,2000,0
Catch Me If You Can,12,2002,0
Catch That Kid,2,2004,0
Catch a Fire,10,2006,0
Cats,12,2019,0
Cats & Dogs,7,2001,0
Cats & Dogs: The Revenge of Kitty Galore,7,2010,0
Catwoman,7,2004,0
Cedar Rapids,2,2011,0
Cellular,9,2004,0
Center Stage,5,2000,0
Central Intelligence,6,2016,0
Centurion,8,2010,0
Chain Letter,10,2010,0
Changeling,10,2008,0
Changing Lanes,4,2002,0
Chappie,3,2015,0
Charlie St. Cloud,7,2010,0
Charlie Wilson's War,12,2007,0
Charlie and the Chocolate Factory,7,2005,0
Charlie's Angels,11,2000,0
Charlie's Angels: Full Throttle,6,2003,0
Charlotte's Web,12,2006,0
Chasing Liberty,1,2004,0
Chasing Mavericks,10,2012,0
Chasing Papi,4,2003,0
Cheaper by the Dozen,12,2003,0
Cheaper by the Dozen 2,12,2005,0
Chernobyl Diaries,5,2012,0
Chicago,12,2002,0
Chicken Little,11,2005,0
Chicken Run,6,2000,0
Child 44,4,2015,0
Child's Play,6,2019,0
Children of Men,12,2006,0
Chocolat,12,2000,0
Christmas with the Kranks,11,2004,0
Christopher Robin,8,2018,0
Chronicle,2,2012,0
Church Ball,3,2006,0
Churchill,6,2017,0
Ch�ri,6,2009,0
Cinderella,3,2015,0
Cinderella Man,6,2005,0
Circumstance,8,2011,0
Cirque du Freak: The Vampire's Assistant,10,2009,0
Cirque du Soleil: Worlds Away,12,2012,0
City by the Sea,9,2002,0
City of Ember,10,2008,0
City of Life and Death,5,2011,0
Civil War,4,2024,0
Clash of the Titans,4,2010,0
Clerks II,7,2006,0
Click,6,2006,0
Clockstoppers,3,2002,0
Closer,12,2004,0
Cloud Atlas,10,2012,0
Cloudy with a Chance of Meatballs,9,2009,0
Cloudy with a Chance of Meatballs 2,9,2013,1
Cloverfield,1,2008,0
Club Dread,2,2004,0
Coach Carter,1,2005,0
Coco,11,2017,0
Coco Before Chanel,9,2009,0
Code Name: The Cleaner,1,2007,0
Cold Mountain,12,2003,0
Cold Pursuit,2,2019,0
Collateral,8,2004,0
Collateral Beauty,12,2016,0
Collateral Damage,2,2002,0
College,8,2008,0
Colombiana,8,2011,0
Compadres,4,2016,0
Conan the Barbarian,8,2011,0
Concussion,10,2013,0
Confessions of a Dangerous Mind,12,2002,0
Confessions of a Teenage Drama Queen,2,2004,0
Confidence,4,2003,0
Connie and Carla,4,2004,0
Constantine,2,2005,0
Contagion,9,2011,0
Contraband,1,2012,0
Conviction,10,2010,0
Cop Out,2,2010,0
Copying Beethoven,11,2006,0
Coraline,2,2009,0
Corky Romano,10,2001,0
Corpse Bride,9,2005,0
Countdown,10,2019,0
Country Strong,12,2010,0
Couples Retreat,10,2009,0
Courageous,9,2011,0
Cowboys & Aliens,7,2011,0
Coyote Ugly,12,2000,0
Cradle 2 the Grave,2,2003,0
Crank,9,2006,0
Crash,5,2005,0
Crawl,7,2019,0
Crazy Heart,12,2009,0
Crazy Rich Asians,8,2018,0
Crazy Stupid Love.,7,2011,0
Crazy as Hell,9,2002,0
Crazy/Beautiful,6,2001,0
Creed,11,2015,0
Creed II,11,2018,1
Creed III,3,2023,1
Criminal,4,2016,0
Crimson Peak,10,2015,0
Crocodile Dundee in Los Angeles,4,2001,0
Crossover,9,2006,0
Crossroads,2,2002,0
Crouching Tiger Hidden Dragon,2,2023,0
Crush,4,2002,0
Cry Wolf,9,2005,0
Curious George,2,2006,0
Cursed,2,2005,0
Cyrus,6,2010,0
Daddy Day Camp,8,2007,0
Daddy Day Care,5,2003,0
Daddy's Home 2,11,2017,1
Dahmer,6,2002,0
Dallas Buyers Club,11,2013,0
Dance Flick,5,2009,0
Dancer in the Dark,9,2000,0
Danny Collins,3,2015,0
Daredevil,2,2003,0
Dark Places,8,2015,0
Dark Shadows,5,2012,0
Dark Skies,2,2013,0
Dark Water,7,2005,0
Darkest Hour,11,2017,0
Darkness Falls,1,2003,0
Date Movie,2,2006,0
Date Night,4,2010,0
Dawn of the Dead,3,2004,0
Dawn of the Planet of the Apes,7,2014,1
De-Lovely,7,2004,0
Dead Man Down,3,2013,0
Dead Silence,3,2007,0
Deadpool,2,2016,0
Deadpool 2,5,2018,1
Dear John,2,2010,0
Dear White People,10,2014,0
Death Race,8,2008,0
Death Sentence,8,2007,0
Death Wish,3,2018,0
Death at a Funeral,4,2010,0
Death of a Nation,8,2018,0
Death of a President,10,2006,0
Death to Smoochy,3,2002,0
Deception,4,2008,0
Deck the Halls,11,2006,0
Deepwater Horizon,9,2016,0
Defiance,12,2008,0
"Definitely, Maybe",2,2008,0
Deja Vu,11,2006,0
Deliver Us from Evil,10,2006,0
Delivery Man,11,2013,0
Den of Thieves,1,2018,0
Denial,9,2016,0
Derailed,11,2005,0
Despicable Me,7,2010,0
Despicable Me 2,7,2013,1
Despicable Me 3,6,2017,1
Destroyer,12,2018,0
Detroit,7,2017,0
Deuce Bigalow: European Gigolo,8,2005,0
Deuces Wild,5,2002,0
Devil,9,2010,0
Devil's Due,1,2014,0
Diary of a Mad Black Woman,2,2005,0
Diary of a Wimpy Kid,3,2010,0
Diary of a Wimpy Kid: Dog Days,8,2012,0
Diary of a Wimpy Kid: Rodrick Rules,3,2011,0
Diary of a Wimpy Kid: The Long Haul,5,2017,0
Dickie Roberts: Former Child Star,9,2003,0
Did You Hear About the Morgans?,12,2009,0
Die Another Day,11,2002,1
Digimon: The Movie,10,2000,0
Dinner for Schmucks,7,2010,0
Dinosaur,5,2000,0
Dirty,1,2006,0
Dirty Dancing: Havana Nights,2,2004,0
Dirty Grandpa,1,2016,0
Disaster Movie,8,2008,0
District 9,8,2009,0
Disturbia,4,2007,0
Divergent,3,2014,0
Divine Secrets of the Ya-Ya Sisterhood,6,2002,0
Django Unchained,12,2012,0
Do You Believe?,3,2015,0
Doctor Sleep,10,2019,1
Doctor Strange,11,2016,0
Dodgeball: A True Underdog Story,6,2004,0
Dog Days,8,2018,0
Dolphin Tale,9,2011,0
Dolphin Tale 2,9,2014,1
Domestic Disturbance,11,2001,0
Domino,10,2005,0
Don Jon,9,2013,0
Don't Be Afraid of the Dark,8,2011,0
Don't Breathe,8,2016,0
Don't Let Go,8,2019,0
Don't Say a Word,9,2001,0
Doogal,2,2006,0
Doom,10,2005,0
Doomsday,3,2008,0
Dope,6,2015,0
Dora and the Lost City of Gold,8,2019,0
Double Take,1,2001,0
Doubt,12,2008,0
Down to Earth,2,2001,0
Downsizing,12,2017,0
Downton Abbey,9,2019,0
Dr. Dolittle 2,6,2001,0
Dracula 2000,12,2000,0
Dracula Untold,10,2014,0
Draft Day,4,2014,0
Drag Me to Hell,5,2009,0
Dragon Wars: D-War,9,2007,0
Dragonball Evolution,4,2009,0
Dragonfly,2,2002,0
Dream House,9,2011,0
Dreamcatcher,3,2003,0
Dreamer,10,2005,0
Dreamgirls,12,2006,0
Dredd,9,2012,0
Drillbit Taylor,3,2008,0
Drive,9,2011,0
Drive Angry,2,2011,0
Driven,4,2001,0
Drowning Mona,3,2000,0
Drumline,12,2002,0
Dude Where's My Car?,12,2000,0
"Dude, Where's My Car?",12,2000,0
Due Date,11,2010,0
Duets,9,2000,0
Dum Maaro Dum,4,2011,0
Dumb Money,9,2023,0
Dumb and Dumber To,11,2014,1
Dumb and Dumberer: When Harry Met Lloyd,6,2003,0
Dumbo,3,2019,0
Dune: Part Two,2,2024,1
Dungeons & Dragons,12,2000,0
Dungeons & Dragons: Honor Among Thieves,3,2023,0
Dunkirk,12,2017,0
Duplex,9,2003,0
Duplicity,3,2009,0
Dylan Dog: Dead of Night,4,2011,0
Eagle Eye,9,2008,0
Early Man,2,2018,0
Earth to Echo,7,2014,0
Eastern Promises,9,2007,0
Easy A,9,2010,0
Eat Pray Love,8,2010,0
Eddie the Eagle,2,2016,0
Edge of Darkness,1,2010,0
Edge of Tomorrow,6,2014,0
Eight Below,2,2006,0
Eight Legged Freaks,7,2002,0
Eighth Grade,7,2018,0
Elektra,1,2005,0
Elemental,6,2023,0
Elephant,10,2003,0
Elf,11,2003,0
Elizabeth: The Golden Age,10,2007,0
Elizabethtown,10,2005,0
Ella Enchanted,4,2004,0
Elle,11,2016,0
Elysium,8,2013,0
Empire,12,2002,0
Employee of the Month,10,2006,0
Enchanted,11,2007,0
End of Watch,9,2012,0
End of the Spear,1,2006,0
Ender's Game,11,2013,0
Endless Love,2,2014,0
Enemy at the Gates,3,2001,0
Enough,5,2002,0
Enough Said,9,2013,0
Entourage,6,2015,0
Envy,4,2004,0
Epic,5,2013,0
Epic Movie,1,2007,0
Eragon,12,2006,0
Erin Brockovich,3,2000,0
Escape Plan,10,2013,0
Escape Room,1,2019,0
Eternal Sunshine of the Spotless Mind,3,2004,0
EuroTrip,2,2004,0
Evan Almighty,6,2007,0
Evening,6,2007,0
Everest,9,2015,0
Everybody's Fine,12,2009,0
Everything Everything,5,2017,0
"Everything, Everything",5,2017,0
Evil Dead,4,2013,1
Evolution,6,2001,0
Exit Wounds,3,2001,0
Exodus: Gods and Kings,12,2014,0
Exorcist: The Beginning,8,2004,0
Extract,9,2009,0
Extraordinary Measures,1,2010,0
Extreme Ops,11,2002,0
Facing the Giants,9,2006,0
Fahrenheit 11/9,9,2018,0
Fahrenheit 9/11,6,2004,0
Failure to Launch,3,2006,0
Fair Game,11,2010,0
Fame,9,2009,0
Fantastic Beasts and Where to Find Them,11,2016,0
Fantastic Beasts: The Crimes of Grindelwald,11,2018,1
Fantastic Four,8,2015,0
Fantastic Four: Rise of the Silver Surfer,6,2007,1
Fantastic Mr. Fox,11,2009,0
Far from Heaven,11,2002,0
Far from the Madding Crowd,5,2015,0
Fast & Furious,4,2009,0
Fast & Furious 6,5,2013,0
Fast & Furious Presents: Hobbs & Shaw,8,2019,0
Fast Five,4,2011,0
Fast X,5,2023,1
Faster,11,2010,0
Fat Albert,12,2004,0
Fat Kid Rules the World,10,2012,0
Father Figures,12,2017,0
Feardotcom,8,2002,0
Fences,12,2016,0
Ferdinand,12,2017,0
Ferrari,12,2023,0
Fever Pitch,4,2005,0
Fifty Shades Darker,2,2017,1
Fifty Shades Freed,2,2018,1
Fifty Shades of Black,1,2016,0
Fifty Shades of Grey,2,2015,0
Fighting,4,2009,0
Fighting with My Family,2,2019,0
Final Destination,3,2000,0
Final Destination 2,1,2003,0
Final Destination 3,2,2006,0
Final Destination 5,8,2011,0
Final Fantasy: The Spirits Within,7,2001,0
Find Me Guilty,3,2006,0
Finding Dory,6,2016,1
Finding Forrester,12,2000,0
Finding Neverland,11,2004,0
Finding Your Feet,3,2018,0
Fired Up!,2,2009,0
Fireproof,9,2008,0
Firewall,2,2006,0
First Daughter,9,2004,0
First Man,10,2018,0
Fist Fight,2,2017,0
Five Feet Apart,3,2019,0
Flags of Our Fathers,10,2006,0
Flatliners,9,2017,0
Flicka,10,2006,0
Flight,11,2012,0
Flight of the Phoenix,12,2004,0
Flightplan,9,2005,0
Flipped,8,2010,0
Florence Foster Jenkins,8,2016,0
Flushed Away,11,2006,0
Flyboys,9,2006,0
Focus,10,2001,0
Fool's Gold,2,2008,0
Footloose,10,2011,0
For Colored Girls,11,2010,0
For Greater Glory: The True Story of Cristiada,4,2012,0
For Your Consideration,11,2006,0
Forever My Girl,1,2018,0
Forgetting Sarah Marshall,4,2008,0
Forty Shades of Blue,9,2005,0
Four Brothers,8,2005,0
Four Christmases,11,2008,0
Four Lions,11,2010,0
Foxcatcher,11,2014,0
Frailty,4,2002,0
Frankenweenie,10,2012,0
Freakonomics,10,2010,0
Freaky Friday,8,2003,0
Freddy Got Fingered,4,2001,0
Freddy vs. Jason,8,2003,0
Free Birds,11,2013,0
Free State of Jones,6,2016,0
Freedom Writers,1,2007,0
Frequency,4,2000,0
Frida,10,2002,0
Friday After Next,11,2002,0
Friday Night Lights,10,2004,0
Friday the 13th,2,2009,0
Friends with Benefits,7,2011,0
Friends with Money,4,2006,0
Fright Night,8,2011,0
From Hell,10,2001,0
From Justin to Kelly,6,2003,0
From Paris with Love,2,2010,0
Frost/Nixon,12,2008,0
Frozen,2,2010,0
Frozen II,11,2019,1
Frozen River,8,2008,0
Fruitvale Station,7,2013,0
Full Frontal,8,2002,0
Fun Size,10,2012,0
Fun with Dick and Jane,12,2005,0
Funny People,7,2009,0
Furious 7,4,2015,0
Furry Vengeance,4,2010,0
Fury,10,2014,0
G-Force,7,2009,0
G.I. Joe: Retaliation,3,2013,0
G.I. Joe: The Rise of Cobra,8,2009,0
Game Night,2,2018,0
Gamer,9,2009,0
Gangs of New York,12,2002,0
Gangster Squad,1,2013,0
Garden State,7,2004,0
Garfield: A Tail of Two Kitties,6,2006,0
Garfield: The Movie,6,2004,0
Gemini Man,10,2019,0
Genius,6,2016,0
Gentlemen Broncos,10,2009,0
Georgia Rule,5,2007,0
Geostorm,10,2017,0
Get Carter,10,2000,0
Get Hard,3,2015,0
Get Him to the Greek,6,2010,0
Get Low,7,2010,0
Get Out,2,2017,0
Get Over It,3,2001,0
Get Rich or Die Tryin',11,2005,0
Get Smart,6,2008,0
Get on Up,8,2014,0
Getaway,8,2013,0
Ghost Rider,2,2007,0
Ghost Ship,10,2002,0
Ghost Town,9,2008,0
Ghost World,7,2001,0
Ghost in the Shell,3,2017,0
Ghostbusters: Frozen Empire,3,2024,1
Ghosts of Mars,8,2001,0
Gifted,4,2017,0
Gigli,8,2003,0
Girl with a Pearl Earring,12,2003,0
Girls Trip,7,2017,0
Gladiator,5,2000,0
Glass,1,2019,1
Glee: The 3D Concert Movie,8,2011,0
Glitter,9,2001,0
Glory Road,1,2006,0
God's Not Dead,3,2014,0
Gods and Generals,2,2003,0
Gods of Egypt,2,2016,0
Godsend,4,2004,0
Godzilla,4,2014,0
Godzilla Minus One,11,2023,0
Godzilla x Kong: The New Empire,3,2024,1
Godzilla: King of the Monsters,5,2019,0
Going in Style,4,2017,0
Going the Distance,9,2010,0
Gone,2,2012,0
Gone Baby Gone,10,2007,0
Gone Girl,10,2014,0
Gone in 60 Seconds,6,2000,0
Good Boy,10,2003,0
Good Boys,8,2019,0
Good Luck Chuck,9,2007,0
Good Night and Good Luck.,10,2005,0
Goosebumps,10,2015,0
Goosebumps 2: Haunted Halloween,10,2018,1
Gosford Park,12,2001,0
Gossip,4,2000,0
Gothika,11,2003,0
Gotti,6,2018,0
Gracie,6,2007,0
Gran Torino,12,2008,0
Grandma,8,2015,0
Gravity,10,2013,0
Green Book,11,2018,0
Green Lantern,6,2011,0
Green Zone,3,2010,0
Gridiron Gang,9,2006,0
Grind,8,2003,0
Grindhouse,4,2007,0
Grown Ups,6,2010,0
Grown Ups 2,7,2013,0
Grudge Match,12,2013,0
Guardians of the Galaxy,8,2014,0
Guardians of the Galaxy Vol. 2,5,2017,1
Guess Who,3,2005,0
Gulliver's Travels,12,2010,0
Hacksaw Ridge,11,2016,0
Hail Caesar!,2,2016,0
"Hail, Caesar!",2,2016,0
Hairspray,7,2007,0
Half Nelson,8,2006,0
Half Past Dead,11,2002,0
Hall Pass,2,2011,0
Halloween,8,2007,0
Halloween 2,8,2009,0
Halloween II,8,2009,0
Halloween: Resurrection,7,2002,1
Hamlet 2,8,2008,0
Hancock,7,2008,0
Hands of Stone,8,2016,0
Hanging Up,2,2000,0
Hangman's Curse,9,2003,0
Hanna,4,2011,0
Hannah Montana: The Movie,4,2009,0
Hannibal,2,2001,0
Hannibal Rising,2,2007,0
Hansel & Gretel: Witch Hunters,1,2013,0
Happily N'Ever After,1,2007,0
Happy Death Day,10,2017,0
Happy Death Day 2U,2,2019,1
Happy Feet,11,2006,0
Happy Feet Two,11,2011,0
Hardball,9,2001,0
Harold & Kumar Escape from Guantanamo Bay,4,2008,0
Harold & Kumar Go to White Castle,7,2004,0
Harriet,11,2019,0
Harry Brown,4,2010,0
Harry Potter and the Chamber of Secrets,11,2002,0
Harry Potter and the Goblet of Fire,11,2005,0
Harry Potter and the Half-Blood Prince,7,2009,0
Harry Potter and the Order of the Phoenix,7,2007,0
Harry Potter and the Prisoner of Azkaban,6,2004,0
Harry Potter and the Sorcerer's Stone,11,2001,0
Hart's War,2,2002,0
Haunted Mansion,7,2023,0
He's Just Not That Into You,2,2009,0
Head Over Heels,2,2001,0
Head of State,3,2003,0
Heartbreakers,3,2001,0
Hearts in Atlantis,9,2001,0
Heaven Is for Real,4,2014,0
Heist,11,2001,0
Hell Fest,9,2018,0
Hell or High Water,8,2016,0
Hellboy,4,2004,0
Hellboy II: The Golden Army,7,2008,0
Her,12,2013,0
Hercules,7,2014,0
Here Comes the Boom,10,2012,0
Here on Earth,3,2000,0
Hereafter,10,2010,0
Hereditary,6,2018,0
Hey Arnold! The Movie,6,2002,0
Hidalgo,3,2004,0
Hidden Figures,12,2016,0
High Crimes,4,2002,0
High Fidelity,3,2000,0
High Heels and Low Lifes,10,2001,0
High School Musical 3: Senior Year,10,2008,0
Higher Ground,8,2011,0
Highlander: Endgame,9,2000,0
His Only Son,3,2023,0
Hit and Run,8,2012,0
Hitch,2,2005,0
Hitman,11,2007,0
Hitman: Agent 47,8,2015,0
Holes,4,2003,0
Hollow Man,8,2000,0
Hollywood Ending,5,2002,0
Hollywood Homicide,6,2003,0
Holmes & Watson,12,2018,0
Home,3,2015,0
Home Again,9,2017,0
Home on the Range,4,2004,0
Homefront,11,2013,0
Honey,12,2003,0
Hoot,5,2006,0
Hop,4,2011,0
Hope Springs,8,2012,0
Horrible Bosses,7,2011,0
Horrible Bosses 2,11,2014,1
Hostage,3,2005,0
Hostel: Part II,6,2007,0
Hostiles,12,2017,0
Hot Fuzz,4,2007,0
Hot Pursuit,5,2015,0
Hot Rod,8,2007,0
Hot Tub Time Machine,3,2010,0
Hot Tub Time Machine 2,2,2015,1
Hotel Artemis,6,2018,0
Hotel Rwanda,12,2004,0
Hotel Transylvania,9,2012,0
Hotel Transylvania 2,9,2015,0
Hotel Transylvania 3: Summer Vacation,7,2018,0
Hotel for Dogs,1,2009,0
House at the End of the Street,9,2012,0
House of 1000 Corpses,4,2003,0
House of Flying Daggers,12,2004,0
House of Sand and Fog,12,2003,0
House of Wax,5,2005,0
House of the Dead,10,2003,0
How Do You Know,12,2010,0
How High,12,2001,0
How the Grinch Stole Christmas,11,2000,0
How to Be Single,2,2016,0
How to Be a Latin Lover,4,2017,0
How to Deal,7,2003,0
How to Lose Friends & Alienate People,10,2008,0
How to Lose a Guy in 10 Days,2,2003,0
How to Train Your Dragon,3,2010,0
How to Train Your Dragon 2,6,2014,1
How to Train Your Dragon: The Hidden World,2,2019,1
Huevos: Little Rooster's Egg-cellent Adventure,9,2015,0
Hugo,11,2011,0
Hulk,6,2003,0
Hunt for the Wilderpeople,6,2016,0
Hunter Killer,10,2018,0
Hustle & Flow,7,2005,0
Hustlers,9,2019,0
I Am Legend,12,2007,0
I Am Not Your Negro,2,2017,0
I Am Number Four,2,2011,0
I Am Sam,12,2001,0
I Can Only Imagine,3,2018,0
I Capture the Castle,7,2003,0
I Don't Know How She Does It,9,2011,0
I Dreamed of Africa,5,2000,0
I Feel Pretty,4,2018,0
I Frankenstein,1,2014,0
I Heart Huckabees,10,2004,0
I Love You Beth Cooper,7,2009,0
I Love You Phillip Morris,12,2010,0
"I Love You, Beth Cooper",7,2009,0
"I Love You, Man",3,2009,0
I Now Pronounce You Chuck & Larry,7,2007,0
I Robot,7,2004,0
I Spit on Your Grave,10,2010,0
I Spy,11,2002,0
I Think I Love My Wife,3,2007,0
"I, Frankenstein",6,2014,0
"I, Robot",7,2004,0
Ice Age,3,2002,0
Ice Age: Collision Course,7,2016,1
Ice Age: Continental Drift,7,2012,1
Ice Age: Dawn of the Dinosaurs,7,2009,1
Ice Age: The Meltdown,3,2006,0
Ice Princess,3,2005,0
Identity,4,2003,0
Identity Thief,2,2013,0
Idlewild,8,2006,0
If Beale Street Could Talk,12,2018,0
If I Stay,8,2014,0
Igby Goes Down,9,2002,0
Igor,9,2008,0
Imaginary,3,2024,0
Imagine That,6,2009,0
Immortals,11,2011,0
In Bruges,2,2008,0
In Good Company,12,2004,0
In Time,10,2011,0
In the Bedroom,11,2001,0
In the Cut,10,2003,0
In the Heart of the Sea,12,2015,0
In the Land of Women,4,2007,0
In the Name of the King: A Dungeon Siege Tale,1,2008,0
In the Valley of Elah,9,2007,0
Inception,7,2010,0
Incredibles 2,6,2018,1
Independence Day: Resurgence,6,2016,0
Indiana Jones and the Dial of Destiny,6,2023,1
Indiana Jones and the Kingdom of the Crystal Skull,5,2008,0
Inferno,10,2016,1
Inglourious Basterds,8,2009,0
Inherent Vice,12,2014,0
Inside Deep Throat,2,2005,0
Inside Job,10,2010,0
Inside Llewyn Davis,12,2013,0
Inside Man,3,2006,0
Inside Out,6,2015,0
Insidious: Chapter 2,9,2013,0
Insidious: Chapter 3,6,2015,1
Insidious: The Last Key,1,2018,0
Insidious: The Red Door,7,2023,1
Insomnia,5,2002,0
Instant Family,11,2018,0
Interstellar,11,2014,0
Into the Blue,9,2005,0
Into the Storm,8,2014,0
Into the Wild,9,2007,0
Into the Woods,12,2014,0
Intolerable Cruelty,10,2003,0
Invictus,12,2009,0
Invincible,8,2006,0
Iris,12,2001,0
Iron Man,5,2008,0
Iron Man 2,5,2010,0
Iron Man 3,5,2013,0
Isn't It Romantic,2,2019,0
It,9,2017,0
It Chapter Two,9,2019,1
It Comes at Night,6,2017,0
It's Complicated,12,2009,0
It's Kind of a Funny Story,10,2010,0
J. Edgar,11,2011,0
Jack Reacher,12,2012,0
Jack Reacher: Never Go Back,10,2016,1
Jack Ryan: Shadow Recruit,1,2014,0
Jack and Jill,11,2011,0
Jack the Giant Slayer,3,2013,0
Jackass 3D,10,2010,0
Jackass Number Two,9,2006,0
Jackass Presents: Bad Grandpa,10,2013,0
Jackass: The Movie,10,2002,0
Jackie,12,2016,0
Jarhead,11,2005,0
Jason Bourne,7,2016,0
Jason X,4,2002,0
Jay and Silent Bob Strike Back,8,2001,0
Jeepers Creepers,8,2001,0
Jeepers Creepers 2,8,2003,0
Jem and the Holograms,10,2015,0
Jennifer's Body,9,2009,0
Jersey Boys,6,2014,0
Jersey Girl,3,2004,0
Jesus Revolution,2,2023,0
Jexi,10,2019,0
Jigsaw,10,2017,1
Jimmy Neutron: Boy Genius,12,2001,0
Jobs,8,2013,0
Joe Dirt,4,2001,0
Joe Somebody,12,2001,0
John Carter,3,2012,0
John Q,2,2002,0
John Tucker Must Die,7,2006,0
John Wick,10,2014,0
John Wick: Chapter 3 - Parabellum,5,2019,1
John Wick: Chapter 4,3,2023,1
Johnny English,7,2003,0
Johnny English Reborn,10,2011,1
Johnny English Strikes Again,10,2018,1
Johnson Family Vacation,4,2004,0
Jojo Rabbit,10,2019,0
Joker,8,2012,0
Jonah Hex,6,2010,0
Jonah: A VeggieTales Movie,10,2002,0
Josie and the Pussycats,4,2001,0
Journey 2: The Mysterious Island,2,2012,0
Journey to Bethlehem,11,2023,0
Journey to the Center of the Earth,7,2008,0
Joy,12,2015,0
Joy Ride,7,2023,0
Joyful Noise,1,2012,0
Judy Moody and the Not Bummer Summer,6,2011,0
Julie & Julia,8,2009,0
"Juliet, Naked",8,2018,0
Jumanji: The Next Level,12,2019,0
Jumanji: Welcome to the Jungle,12,2017,1
Jumper,2,2008,0
Jumping the Broom,5,2011,0
Juno,12,2007,0
Jupiter Ascending,2,2015,0
Jurassic Park III,7,2001,0
Jurassic World,6,2015,1
Jurassic World: Fallen Kingdom,6,2018,1
Just Getting Started,12,2017,0
Just Go with It,2,2011,0
Just Like Heaven,9,2005,0
Just Married,1,2003,0
Just My Luck,5,2006,0
Just Visiting,4,2001,0
Just Wright,5,2010,0
Justice League,11,2017,0
Justin Bieber's Believe,12,2013,0
Justin Bieber: Never Say Never,2,2011,0
Juwanna Mann,6,2002,0
K-19: The Widowmaker,7,2002,0
K-PAX,10,2001,0
Kangaroo Jack,1,2003,0
Keanu,4,2016,0
Keeping Up with the Joneses,10,2016,0
Keeping the Faith,4,2000,0
Kevin Hart: Laugh at My Pain,9,2011,0
Kevin Hart: Let Me Explain,7,2013,0
Kevin Hart: What Now?,10,2016,0
Kick-Ass,4,2010,0
Kick-Ass 2,8,2013,0
Kicking & Screaming,5,2005,0
Kidnap,8,2017,0
Kill Bill: Vol. 1,10,2003,0
Kill Bill: Vol. 2,4,2004,0
Kill the Messenger,10,2014,0
Killer Elite,9,2011,0
Killers,6,2010,0
Killers of the Flower Moon,10,2023,0
Killing Them Softly,11,2012,0
Kin,8,2018,0
King Arthur,7,2004,0
King Arthur: Legend of the Sword,5,2017,0
King Kong,12,2005,0
Kingdom Come,4,2001,0
Kingdom of Heaven,5,2005,0
Kingsman: The Golden Circle,9,2017,1
Kinsey,11,2004,0
Kiss Kiss Bang Bang,10,2005,0
Kiss of the Dragon,7,2001,0
Kissing Jessica Stein,3,2002,0
Kit Kittredge: An American Girl,6,2008,0
Knight and Day,6,2010,0
Knights of the Zodiac,5,2023,0
Knives Out,11,2019,0
Knock Knock,10,2015,0
Knock at the Cabin,2,2023,0
Knocked Up,6,2007,0
Knowing,3,2009,0
Kong: Skull Island,3,2017,0
Krampus,12,2015,0
Kubo and the Two Strings,8,2016,0
Kung Fu Panda,6,2008,0
Kung Fu Panda 2,5,2011,0
Kung Fu Panda 3,1,2016,1
Kung Fu Panda 4,3,2024,1
Kung Pow: Enter the Fist,1,2002,0
LOL,5,2012,0
La La Land,12,2016,0
La Vie En Rose,6,2007,0
Labor Day,1,2014,0
Ladder 49,10,2004,0
Lady Bird,11,2017,0
Lady Macbeth,7,2017,0
Lady in the Water,7,2006,0
Lakeview Terrace,9,2008,0
Land of the Dead,6,2005,0
Land of the Lost,6,2009,0
Lara Croft: Tomb Raider,6,2001,0
Lara Croft: Tomb Raider - The Cradle of Life,7,2003,0
Larry Crowne,7,2011,0
Larry the Cable Guy: Health Inspector,3,2006,0
Lars and the Real Girl,10,2007,0
Last Christmas,11,2019,0
Last Holiday,1,2006,0
Last Vegas,11,2013,0
Late Night,6,2019,0
Law Abiding Citizen,10,2009,0
Lawless,8,2012,0
Laws of Attraction,4,2004,0
Leap Year,1,2010,0
Leatherheads,4,2008,0
Leaves of Grass,9,2010,0
Left Behind,10,2014,0
Legally Blonde,7,2001,0
Legally Blonde 2: Red White & Blonde,7,2003,0
"Legally Blonde 2: Red, White & Blonde",8,2003,1
Legend,9,2015,0
Legend of the Guardians: The Owls of Ga'Hoole,9,2010,0
Legends of Oz: Dorothy's Return,5,2014,0
Legion,1,2010,0
Les Misérables,12,2012,0
Les Mis�rables,12,2012,0
Let Me In,10,2010,0
Let There Be Light,10,2017,0
Let's Be Cops,8,2014,0
Letters from Iwo Jima,12,2006,0
Letters to God,4,2010,0
Letters to Juliet,5,2010,0
License to Wed,7,2007,0
Life,3,2017,0
Life Itself,7,2014,0
Life as We Know It,10,2010,0
Life as a House,10,2001,0
Life of Pi,11,2012,0
Life of the Party,5,2018,0
Life or Something Like It,4,2002,0
Lights Out,7,2016,0
Like Mike,7,2002,0
Lilo & Stitch,6,2002,0
Limitless,3,2011,0
Lincoln,11,2012,0
Lion,11,2016,0
Lions for Lambs,11,2007,0
Little,4,2019,0
Little Black Book,8,2004,0
Little Boy,4,2015,0
Little Children,10,2006,0
Little Fockers,12,2010,0
Little Man,7,2006,0
Little Miss Sunshine,7,2006,0
Little Nicky,11,2000,0
Little Women,9,2018,0
Live Free or Die Hard,6,2007,1
Live by Night,12,2016,0
Lockout,4,2012,0
Logan,3,2017,1
Logan Lucky,8,2017,0
London Has Fallen,3,2016,0
Lone Survivor,12,2013,0
Long Shot,5,2019,0
Looney Tunes: Back in Action,11,2003,0
Looper,9,2012,0
Lord of War,9,2005,0
Lords of Dogtown,6,2005,0
Lost Souls,10,2000,0
Lost in Translation,9,2003,0
Lottery Ticket,8,2010,0
Love & Basketball,4,2000,0
Love & Friendship,5,2016,0
Love & Other Drugs,11,2010,0
Love Actually,11,2003,0
Love Happens,9,2009,0
Love Ranch,6,2010,0
Love Simon,3,2018,0
Love in the Time of Cholera,11,2007,0
Love the Coopers,11,2015,0
Love's Abiding Joy,10,2006,0
"Love, Simon",3,2018,0
Loving,11,2016,0
Loving Vincent,9,2017,0
Lucky Number Slevin,4,2006,0
Lucky Numbers,10,2000,0
Lucky You,5,2007,0
Lucy,7,2014,0
Lust Caution,9,2007,0
Luther,9,2003,0
Ma,5,2019,0
MacGruber,5,2010,0
Machete,9,2010,0
Machete Kills,10,2013,0
Machine Gun Preacher,9,2011,0
Mad Hot Ballroom,5,2005,0
Mad Money,1,2008,0
Madagascar,5,2005,0
Madagascar 3: Europe's Most Wanted,6,2012,0
Madagascar: Escape 2 Africa,11,2008,1
Madame Web,2,2024,0
Made,7,2001,0
Made in Dagenham,11,2010,0
Made of Honor,5,2008,0
Madea's Family Reunion,2,2006,0
Madea's Witness Protection,6,2012,0
Magic Mike,6,2012,0
Magic Mike XXL,7,2015,0
Maid in Manhattan,12,2002,0
Maleficent,5,2014,0
Maleficent: Mistress of Evil,10,2019,1
Malevolence,9,2004,0
Malibu's Most Wanted,4,2003,0
Mama,1,2013,0
Mambo Italiano,9,2003,0
Mamma Mia!,7,2008,0
Mamma Mia! Here We Go Again,7,2018,1
Man of Steel,6,2013,0
Man of the House,2,2005,0
Man of the Year,10,2006,0
Man on Fire,4,2004,0
Man on Wire,7,2008,0
Man on a Ledge,1,2012,0
Manchester by the Sea,11,2016,0
Mandela: Long Walk to Freedom,11,2013,0
Marci X,8,2003,0
Margaret,9,2011,0
Margin Call,10,2011,0
Maria Full of Grace,7,2004,0
Marie Antoinette,10,2006,0
Marley & Me,12,2008,0
Marmaduke,6,2010,0
Married Life,3,2008,0
Mars Needs Moms,3,2011,0
Marshall,10,2017,0
Martha Marcy May Marlene,10,2011,0
Martian Child,11,2007,0
Martin Lawrence Live: Runteldat,8,2002,0
Mary Poppins Returns,12,2018,1
Mary Queen of Scots,12,2018,0
Master and Commander: The Far Side of the World,11,2003,0
Masterminds,9,2016,0
Match Point,12,2005,0
Max,12,2002,0
Max Keeble's Big Move,10,2001,0
Max Payne,10,2008,0
Maze Runner: The Death Cure,1,2018,1
Maze Runner: The Scorch Trials,9,2015,0
"McFarland, USA",2,2015,0
Me Before You,6,2016,0
Me and Earl and the Dying Girl,6,2015,0
Me and You and Everyone We Know,6,2005,0
"Me, Myself & Irene",6,2000,0
Mean Girls,4,2004,0
Mechanic: Resurrection,8,2016,1
Meet Dave,7,2008,0
Meet the Blacks,4,2016,0
Meet the Browns,3,2008,0
Meet the Fockers,12,2004,0
Meet the Mormons,10,2014,0
Meet the Parents,10,2000,0
Meet the Spartans,1,2008,0
Meg 2: The Trench,8,2023,1
Megamind,11,2010,0
Megiddo: The Omega Code 2,9,2001,0
Melancholia,11,2011,0
Memoirs of a Geisha,12,2005,0
Men in Black II,7,2002,0
Men in Black: International,6,2019,1
Men in Black�,5,2012,0
Men of Honor,11,2000,0
Metallica Through the Never,9,2013,0
Miami Vice,7,2006,0
Michael Clayton,10,2007,0
Mid90s,10,2018,0
Middle School: The Worst Years of My Life,10,2016,0
Middle of Nowhere,10,2012,0
Midnight Special,3,2016,0
Midnight Sun,3,2018,0
Midnight in Paris,5,2011,0
Midsommar,7,2019,0
Midway,11,2019,0
Mike and Dave Need Wedding Dates,7,2016,0
Mile 22,8,2018,0
Milk,11,2008,0
Million Dollar Arm,5,2014,0
Million Dollar Baby,12,2004,0
Minions,7,2015,0
Minority Report,6,2002,0
Miracle,2,2004,0
Miracle at St. Anna,9,2008,0
Miracles from Heaven,3,2016,0
Mirror Mirror,3,2012,0
Mirrormask,9,2005,0
Mirrors,8,2008,0
Miss Bala,2,2019,0
Miss Congeniality,12,2000,0
Miss Peregrine's Home for Peculiar Children,9,2016,0
Miss Potter,12,2006,0
Mission to Mars,3,2000,0
Mission: Impossible - Dead Reckoning Part One,7,2023,1
Mission: Impossible - Fallout,7,2018,1
Mission: Impossible - Ghost Protocol,12,2011,1
Mission: Impossible - Rogue Nation,7,2015,1
Mission: Impossible III,5,2006,0
Mommy,9,2014,0
Moms' Night Out,5,2014,0
Mona Lisa Smile,12,2003,0
Money Monster,5,2016,0
Moneyball,9,2011,0
Monkeybone,2,2001,0
Monsoon Wedding,2,2002,0
Monster,12,2003,0
Monster House,7,2006,0
Monster's Ball,12,2001,0
Monster-in-Law,5,2005,0
Monsters,10,2010,0
Monsters Inc.,11,2001,0
Monsters University,6,2013,0
Monsters vs. Aliens,3,2009,0
"Monsters, Inc.",12,2001,0
Monte Carlo,7,2011,0
Moon,6,2009,0
Moonlight,10,2016,0
Moonlight Mile,9,2002,0
Moonrise Kingdom,5,2012,0
Morgan,9,2016,0
Morning Glory,11,2010,0
Mortal Engines,12,2018,0
Mortdecai,1,2015,0
Mother!,9,2017,0
Mother's Day,4,2016,0
Motherless Brooklyn,11,2019,0
Moulin Rouge!,5,2001,0
Movie 43,1,2013,0
Mr. & Mrs. Smith,6,2005,0
Mr. 3000,9,2004,0
Mr. Brooks,6,2007,0
Mr. Deeds,6,2002,0
Mr. Peabody & Sherman,3,2014,0
Mr. Popper's Penguins,6,2011,0
Mr. Turner,12,2014,0
Mrs. Henderson Presents,12,2005,0
Mud,4,2013,0
Mulholland Drive,10,2001,0
Munich,12,2005,0
Muppets Most Wanted,3,2014,0
Murder by Numbers,4,2002,0
Murder on the Orient Express,11,2017,0
Music and Lyrics,2,2007,0
Must Love Dogs,7,2005,0
Mustang,11,2015,0
My Baby's Daddy,1,2004,0
My Best Friend's Girl,9,2008,0
My Big Fat Greek Wedding,4,2002,0
My Big Fat Greek Wedding 2,3,2016,1
My Bloody Valentine,1,2009,0
My Boss's Daughter,8,2003,0
My Dog Skip,1,2000,0
My Fair Lady,2,2019,0
My First Mister,10,2001,0
My Life Without Me,9,2003,0
My Life in Ruins,6,2009,0
My Little Pony: The Movie,10,2017,0
My Old Lady,9,2014,0
My Sister's Keeper,6,2009,0
My Soul to Take,10,2010,0
My Super Ex-Girlfriend,7,2006,0
My Week with Marilyn,11,2011,0
Mystic River,10,2003,0
N-Secure,10,2010,0
Nacho Libre,6,2006,0
Nancy Drew,6,2007,0
Nanny McPhee Returns,8,2010,0
Napoleon,11,2023,0
Napoleon Dynamite,6,2004,0
Narc,12,2002,0
National Lampoon's Van Wilder,4,2002,0
National Treasure,11,2004,0
Nebraska,11,2013,0
Need for Speed,3,2014,0
Neighbors,5,2014,0
Neighbors 2: Sorority Rising,5,2016,1
Nerve,7,2016,0
Never Back Down,3,2008,0
Never Let Me Go,9,2010,0
New Year's Eve,12,2011,0
New York Minute,5,2004,0
New in Town,1,2009,0
Next,4,2007,0
Next Day Air,5,2009,0
Next Goal Wins,11,2023,0
Nick and Norah's Infinite Playlist,10,2008,0
Night School,9,2018,0
Night at the Museum,12,2006,0
Night at the Museum: Battle of the Smithsonian,5,2009,0
Night at the Museum: Secret of the Tomb,12,2014,0
Nightcrawler,10,2014,0
Nim's Island,4,2008,0
Nine,12,2009,0
Nine Lives,10,2005,0
Ninja Assassin,11,2009,0
No Country for Old Men,11,2007,0
No Escape,8,2015,0
No Good Deed,9,2014,0
No Hard Feelings,6,2023,0
No Reservations,7,2007,0
No Strings Attached,1,2011,0
Nocturnal Animals,11,2016,0
Non-Stop,2,2014,0
Norbit,2,2007,0
Norm of the North,1,2016,0
North Country,10,2005,0
Not Another Teen Movie,12,2001,0
Not Easily Broken,1,2009,0
Not Fade Away,12,2012,0
Notes on a Scandal,12,2006,0
Notorious,1,2009,0
Novocaine,11,2001,0
Now You See Me,5,2013,0
Now You See Me 2,6,2016,0
Nowhere Boy,10,2010,0
Nurse Betty,9,2000,0
Nutty Professor II: The Klumps,7,2000,0
O,8,2001,0
"O Brother, Where Art Thou?",12,2000,0
Oblivion,4,2013,0
Observe and Report,4,2009,0
Obsessed,4,2009,0
Ocean's Eight,6,2018,0
Ocean's Eleven,12,2001,0
Ocean's Thirteen,6,2007,0
Ocean's Twelve,12,2004,1
October Baby,10,2011,0
Office Christmas Party,12,2016,0
Old Dogs,11,2009,0
Old School,2,2003,0
Oliver Twist,9,2005,0
Olympus Has Fallen,3,2013,0
On the Basis of Sex,12,2018,0
On the Line,10,2001,0
On the Road,12,2012,0
Once,5,2007,0
Once Upon a Deadpool,12,2018,0
Once Upon a Time in Mexico,9,2003,0
Once Upon a Time... in Hollywood,7,2019,0
One Day,8,2011,0
One Direction: This Is Us,8,2013,0
One Hour Photo,8,2002,0
One Missed Call,1,2008,0
One Night at McCool's,4,2001,0
One Night with the King,10,2006,0
One for the Money,1,2012,0
Only the Brave,10,2017,0
Open Range,8,2003,0
Open Season,9,2006,0
Operation Finale,8,2018,0
Oppenheimer,7,2023,0
Orange County,1,2002,0
Original Sin,8,2001,0
Orphan,7,2009,0
Osmosis Jones,8,2001,0
Ouija,10,2014,0
Ouija: Origin of Evil,10,2016,0
Our Brand Is Crisis,10,2015,0
Our Family Wedding,3,2010,0
Our Idiot Brother,8,2011,0
Out Cold,11,2001,0
Out of Time,10,2003,0
Out of the Furnace,12,2013,0
Over Her Dead Body,2,2008,0
Over the Hedge,5,2006,0
Overboard,5,2018,0
Overcomer,8,2019,0
Overlord,11,2018,0
Owning Mahowny,5,2003,0
Oz the Great and Powerful,3,2013,0
P.S. I Love You,12,2007,0
PAW Patrol: The Mighty Movie,9,2023,1
Pacific Rim,7,2013,0
Pacific Rim: Uprising,3,2018,1
Pain & Gain,4,2013,0
Pan,10,2015,0
Pan's Labyrinth,12,2006,0
Pandorum,9,2009,0
Panic,12,2000,0
Panic Room,3,2002,0
Paparazzi,9,2004,0
Paper Towns,7,2015,0
ParaNorman,8,2012,0
Paradise Now,10,2005,0
Paranoia,8,2013,0
Paranormal Activity 2,10,2010,0
Paranormal Activity 3,10,2011,1
Paranormal Activity 4,10,2012,0
Paranormal Activity: The Ghost Dimension,10,2015,1
Paranormal Activity: The Marked Ones,1,2014,0
Parasite,10,2019,0
Parental Guidance,12,2012,0
Parker,1,2013,0
Part of Me,7,2012,0
Passengers,12,2016,0
Past Lives,6,2023,0
Paterson,12,2016,0
Pathfinder,4,2007,0
Patriots Day,12,2016,0
Paul,3,2011,0
Paul Apostle of Christ,3,2018,0
Paul Blart: Mall Cop,1,2009,0
Paul Blart: Mall Cop 2,4,2015,0
"Paul, Apostle of Christ",3,2018,0
Pay It Forward,10,2000,0
Paycheck,12,2003,0
Pearl Harbor,5,2001,0
Peeples,5,2013,0
Penguins of Madagascar,11,2014,0
People I Know,4,2003,0
People Like Us,6,2012,0
Peppermint,9,2018,0
Percy Jackson & the Olympians: The Lightning Thief,2,2010,0
Percy Jackson: Sea of Monsters,8,2013,0
Perfume: The Story of a Murderer,12,2006,0
Persepolis,12,2007,0
Pet Sematary,4,2019,0
Pete's Dragon,8,2016,0
Peter Pan,12,2003,0
Peter Rabbit,2,2018,0
Phantom Thread,12,2017,0
Phat Girlz,4,2006,0
Philomena,11,2013,0
Phoenix Forgotten,4,2017,0
Pieces of April,10,2003,0
Pineapple Express,8,2008,0
Piranha 3D,8,2010,0
Pirates of the Caribbean: At World's End,5,2007,0
Pirates of the Caribbean: Dead Man's Chest,7,2006,0
Pirates of the Caribbean: Dead Men Tell No Tales,5,2017,1
Pirates of the Caribbean: On Stranger Tides,5,2011,0
Pirates of the Caribbean: The Curse of the Black Pearl,7,2003,0
Pitch Black,2,2000,0
Pitch Perfect,9,2012,0
Pitch Perfect 2,5,2015,1
Pitch Perfect 3,12,2017,1
Pixels,7,2015,0
Planes,8,2013,0
Planes: Fire & Rescue,7,2014,1
Planet 51,11,2009,0
Planet of the Apes,7,2001,0
Playing for Keeps,12,2012,0
Please Give,4,2010,0
Point Break,12,2015,0
Pokémon: Detective Pikachu,5,2019,0
Pok�mon 3 the Movie: Spell of the Unown,4,2001,0
Pok�mon: Detective Pikachu,5,2019,0
Pollock,12,2000,0
Poltergeist,5,2015,0
Pompeii,2,2014,0
Poms,5,2019,0
Pooh's Heffalump Movie,2,2005,0
Pootie Tang,6,2001,0
Popstar: Never Stop Never Stopping,6,2016,0
Poseidon,5,2006,0
Possession,8,2002,0
Post Grad,8,2009,0
Power Rangers,3,2017,0
Precious,11,2009,0
Predators,7,2010,1
Premium Rush,8,2012,0
Premonition,3,2007,0
Pride & Prejudice,11,2005,0
Pride and Glory,10,2008,0
Pride and Prejudice and Zombies,2,2016,0
Priest,5,2011,0
Prime,10,2005,0
Primer,10,2004,0
Prince of Persia: The Sands of Time,5,2010,0
Priscilla,10,2023,0
Prisoners,9,2013,0
Project Almanac,1,2015,0
Project X,3,2012,0
Prom,4,2011,0
Prom Night,4,2008,0
Prometheus,6,2012,0
Promised Land,12,2012,0
Proof,9,2005,0
Proof of Life,12,2000,0
Proud Mary,1,2018,0
Public Enemies,7,2009,0
Pulse,8,2006,0
Punch-Drunk Love,10,2002,0
Punisher: War Zone,12,2008,0
Push,2,2009,0
Puss in Boots,10,2011,0
Quantum of Solace,11,2008,0
Quarantine,10,2008,0
Queen of Katwe,9,2016,0
Queen of the Damned,2,2002,0
Quills,11,2000,0
R.I.P.D.,7,2013,0
RED,10,2010,0
RV,4,2006,0
Rabbit Hole,12,2010,0
Rabbit-Proof Fence,11,2002,0
Race to Witch Mountain,3,2009,0
Rachel Getting Married,10,2008,0
Racing Stripes,1,2005,0
Radio,10,2003,0
Raise Your Voice,10,2004,0
Raising Helen,5,2004,0
Ralph Breaks the Internet,11,2018,1
Rambo,1,2008,1
Rambo: Last Blood,9,2019,1
Ramona and Beezus,7,2010,0
Rampage,4,2018,0
Rango,3,2011,0
Rat Race,8,2001,0
Ratatouille,6,2007,0
Ray,10,2004,0
Ready Player One,3,2018,0
Ready or Not,8,2019,0
Ready to Rumble,4,2000,0
Real Steel,10,2011,0
Real Women Have Curves,10,2002,0
Rebound,7,2005,0
Recess: School's Out,2,2001,0
Red Dawn,11,2012,0
Red Dragon,10,2002,0
Red Eye,8,2005,0
Red Lights,8,2004,0
Red Planet,11,2000,0
Red Riding Hood,3,2011,0
Red Sparrow,3,2018,0
Red Tails,1,2012,0
Redbelt,5,2008,0
Redemption,6,2013,0
Redline,4,2007,0
Reign Over Me,3,2007,0
Reign of Fire,7,2002,0
Reindeer Games,2,2000,0
Religulous,10,2008,0
Remember Me,3,2010,0
Remember the Titans,9,2000,0
Renaissance,9,2006,0
Rendition,10,2007,0
Renfield,4,2023,0
Reno 911!: Miami,2,2007,0
Rent,11,2005,0
Repo Men,3,2010,0
Requiem for a Dream,10,2000,0
Resident Evil: Afterlife,9,2010,0
Resident Evil: Apocalypse,9,2004,0
Resident Evil: Extinction,9,2007,0
Resident Evil: Retribution,9,2012,1
Restless,9,2011,0
Return to Never Land,2,2002,1
Revolutionary Road,12,2008,0
Ricki and the Flash,8,2015,0
Riddick,9,2013,1
Ride Along,1,2014,0
Ride Along 2,1,2016,1
Riding in Cars with Boys,10,2001,0
Righteous Kill,9,2008,0
Rings,2,2017,1
Rio,4,2011,0
Rio 2,4,2014,1
Rise of the Guardians,11,2012,0
Rise of the Planet of the Apes,8,2011,0
Risen,2,2016,0
Road to Perdition,7,2002,0
Robin Hood,11,2018,0
RoboCop,2,2014,0
Robot & Frank,8,2012,0
Robots,3,2005,0
Rock Star,9,2001,0
Rock of Ages,6,2012,0
Rocket Science,8,2007,0
Rocketman,5,2019,0
RocknRolla,10,2008,0
Rocky Balboa,12,2006,0
Rogue One: A Star Wars Story,12,2016,0
Role Models,11,2008,0
Roll Bounce,9,2005,0
Rollerball,2,2002,0
Roman J. Israel Esq.,11,2017,0
Romeo Must Die,3,2000,0
Room,10,2015,0
Rough Night,6,2017,0
Rugrats Go Wild,6,2003,0
Rugrats in Paris,11,2000,0
Rules of Engagement,4,2000,0
Run All Night,3,2015,0
Runaway Jury,10,2003,0
Runner Runner,10,2013,0
Running Scared,2,2006,0
Rush,9,2013,0
Rush Hour 2,8,2001,0
Rush Hour 3,8,2007,0
S.W.A.T.,8,2003,0
Sabotage,3,2014,0
Safe,4,2012,0
Safe Haven,2,2013,0
Safe House,2,2012,0
Sahara,4,2005,0
Salt,7,2010,0
Same Kind of Different as Me,10,2017,0
San Andreas,5,2015,0
Sanctum,2,2011,0
Sausage Party,8,2016,0
Savages,7,2012,0
Save the Last Dance,1,2001,0
Saved!,5,2004,0
Saving Grace,8,2000,0
Saving Mr. Banks,12,2013,0
Saving Silverman,2,2001,0
Saw 3D,10,2010,0
Saw II,10,2005,0
Saw III,10,2006,0
Saw IV,10,2007,0
Saw V,10,2008,0
Saw VI,10,2009,0
Saw X,9,2023,1
Say It Isn't So,3,2001,0
Scary Movie,7,2000,0
Scary Movie 2,7,2001,0
Scary Movie 3,10,2003,0
Scary Movie 4,4,2006,0
Scary Movie V,4,2013,0
Scary Stories to Tell in the Dark,8,2019,0
School for Scoundrels,9,2006,0
School of Rock,10,2003,0
Scooby-Doo,6,2002,0
Scooby-Doo 2: Monsters Unleashed,3,2004,0
Scoop,7,2006,0
Scott Pilgrim vs. the World,8,2010,0
Scouts Guide to the Zombie Apocalypse,10,2015,0
Scream 3,2,2000,0
Scream 4,4,2011,0
Scream VI,3,2023,1
Screwed,5,2000,0
Seabiscuit,7,2003,0
Searching,8,2018,0
Season of the Witch,1,2011,0
Second Act,12,2018,0
Secondhand Lions,9,2003,0
Secret Window,3,2004,0
Secret in Their Eyes,11,2015,0
Secretariat,10,2010,0
Secretary,9,2002,0
See No Evil,5,2006,0
See Spot Run,3,2001,0
Seeking a Friend for the End of the World,6,2012,0
Self/less,7,2015,0
Selma,12,2014,0
Semi-Pro,2,2008,0
September Dawn,8,2007,0
Serendipity,10,2001,0
Serenity,1,2019,0
Serving Sara,8,2002,0
Seven Pounds,12,2008,0
Seven Psychopaths,10,2012,0
Seventh Son,2,2015,0
Sex Drive,10,2008,0
Sex Tape,7,2014,0
Sex and the City,5,2008,0
Sex and the City 2,5,2010,0
Shadow of the Vampire,12,2000,0
Shaft,6,2019,1
Shall We Dance?,10,2004,0
Shallow Hal,11,2001,0
Shame,12,2011,0
Shanghai Knights,2,2003,0
Shanghai Noon,5,2000,0
Shark Night,9,2011,0
Shark Tale,10,2004,0
Shaun of the Dead,9,2004,0
Shazam!,4,2019,0
Shazam! Fury of the Gods,3,2023,0
She's Out of My League,3,2010,0
She's the Man,3,2006,0
Sherlock Gnomes,3,2018,1
Sherlock Holmes,12,2009,0
Sherlock Holmes: A Game of Shadows,12,2011,0
Shine a Light,4,2008,0
Shoot 'Em Up,9,2007,0
Shooter,3,2007,0
Shopgirl,10,2005,0
Shorts,8,2009,0
Show Dogs,5,2018,0
Showtime,3,2002,0
Shrek,5,2001,0
Shrek 2,5,2004,1
Shrek Forever After,5,2010,1
Shrek the Third,5,2007,1
Shut In,3,2016,0
Shutter,3,2008,0
Shutter Island,2,2010,0
Sicario,9,2015,0
Sicario: Day of the Soldado,6,2018,1
Sicko,6,2007,0
Side Effects,2,2013,0
Sideways,10,2004,0
Signs,8,2002,0
Silence,12,2016,0
Silent Hill,4,2006,0
Silent Hill: Revelation,10,2012,0
Silver Linings Playbook,11,2012,0
Sin City,4,2005,0
Sin City: A Dame to Kill For,8,2014,0
Sinbad: Legend of the Seven Seas,7,2003,0
Sing,12,2016,0
Sinister,10,2012,0
Sinister 2,8,2015,0
Sisters,12,2015,0
Sky Captain and the World of Tomorrow,9,2004,0
Sky High,7,2005,0
Skyfall,11,2012,0
Skyline,11,2010,0
Skyscraper,7,2018,0
Slackers,2,2002,0
Sleepless,1,2017,0
Sleepover,7,2004,0
Slender Man,8,2018,0
Slither,3,2006,0
Slumdog Millionaire,11,2008,0
Small Time Crooks,5,2000,0
Smallfoot,9,2018,0
Smokin' Aces,1,2007,0
Smurfs: The Lost Village,4,2017,0
Snakes on a Plane,8,2006,0
Snatch,12,2000,0
Snatched,5,2017,0
Snitch,2,2013,0
Snow Day,2,2000,0
Snow Dogs,1,2002,0
Snow Flower and the Secret Fan,7,2011,0
Snow White and the Huntsman,6,2012,0
Snowden,9,2016,0
Solaris,11,2002,0
Solo: A Star Wars Story,5,2018,0
Someone Like You,3,2001,0
Something Borrowed,5,2011,0
Something's Gotta Give,12,2003,0
Somewhere,12,2010,0
Son of God,2,2014,0
Son of the Mask,2,2005,0
Sorority Boys,3,2002,0
Sorority Row,9,2009,0
Sorry to Bother You,7,2018,0
Soul Men,11,2008,0
Soul Plane,5,2004,0
Soul Surfer,4,2011,0
Soul Survivors,9,2001,0
Sound of Freedom,7,2023,0
Source Code,4,2011,0
Southpaw,7,2015,0
Space Chimps,7,2008,0
Space Cowboys,8,2000,0
Spanglish,12,2004,0
Sparkle,8,2012,0
Spectre,11,2015,1
Speed Racer,5,2008,0
Spider,12,2002,0
Spider-Man,5,2002,0
Spider-Man 2,6,2004,1
Spider-Man 3,5,2007,1
Spider-Man: Across the Spider-Verse,6,2023,1
Spider-Man: Far from Home,7,2019,0
Spider-Man: Homecoming,7,2017,0
Spies in Disguise,12,2019,0
Spirit: Stallion of the Cimarron,5,2002,0
Spirited Away,4,2023,0
Spotlight,11,2015,0
Spy,6,2015,0
Spy Game,11,2001,0
Spy Kids,3,2001,0
Spy Kids 2: Island of Lost Dreams,8,2002,0
Spy Kids 3: Game Over,7,2003,0
Spy Kids 4: All the Time in the World,8,2011,0
St. Vincent,10,2014,0
Stan & Ollie,12,2018,0
Star Trek,5,2009,0
Star Trek Beyond,7,2016,1
Star Trek Into Darkness,5,2013,1
Star Trek: Nemesis,12,2002,0
Star Wars: Episode II - Attack of the Clones,11,2002,0
Star Wars: Episode III - Revenge of the Sith,5,2005,0
Star Wars: Episode VII - The Force Awakens,12,2015,0
Star Wars: Episode VIII - The Last Jedi,12,2017,0
Star Wars: The Clone Wars,8,2008,0
Stardust,8,2007,0
Starsky & Hutch,3,2004,0
State of Play,4,2009,0
Stay Alive,3,2006,0
Stealing Harvard,9,2002,0
Stealth,7,2005,0
Step Brothers,7,2008,0
Step Up,8,2006,0
Step Up 3D,8,2010,0
Step Up Revolution,7,2012,0
Steve Jobs,10,2015,0
Stick It,4,2006,0
Still Alice,1,2015,0
Stoker,3,2013,0
Stolen,9,2012,0
Stolen Summer,3,2002,0
Stomp the Yard,1,2007,0
Stone,10,2010,0
Stop-Loss,3,2008,0
Storks,9,2016,0
Straight Outta Compton,8,2015,0
Strange Wilderness,2,2008,0
Stranger Than Fiction,11,2006,0
Straw Dogs,9,2011,0
Strays,8,2023,0
Street Fighter: The Legend of Chun-Li,2,2009,0
Street Kings,4,2008,0
Stronger,9,2017,0
Stuart Little 2,7,2002,0
Stuber,7,2019,0
Suburbicon,10,2017,0
Sucker Punch,3,2011,0
Suffragette,10,2015,0
Sugar & Spice,1,2001,0
Suicide Squad,8,2016,0
Sully,9,2016,0
Summer Catch,8,2001,0
Sunshine,7,2007,0
Super 8,6,2011,0
Super Size Me,5,2004,0
Super Troopers 2,4,2018,1
SuperFly,6,2018,0
Superbabies: Baby Geniuses 2,8,2004,0
Superbad,8,2007,0
Superhero Movie,3,2008,0
Superman Returns,6,2006,1
Supernova,1,2000,0
Surfer Dude,9,2008,0
Surrogates,9,2009,0
Suspect Zero,8,2004,0
Suspiria,10,2018,0
Sweeney Todd: The Demon Barber of Fleet Street,12,2007,0
Sweet Home Alabama,9,2002,0
Sweet November,2,2001,0
Swept Away,10,2002,0
Swimfan,9,2002,0
Swimming Pool,7,2003,0
Swing Vote,8,2008,0
Swiss Army Man,6,2016,0
Swordfish,6,2001,0
Sydney White,9,2007,0
Synecdoche New York,10,2008,0
Syriana,11,2005,0
T2 Trainspotting,3,2017,1
TMNT,3,2007,0
Tag,6,2018,0
Take Me Home Tonight,3,2011,0
Take Shelter,9,2011,0
Take the Lead,4,2006,0
Taken 2,10,2012,0
Takers,8,2010,0
Taking Lives,3,2004,0
Taking Woodstock,8,2009,0
Talladega Nights: The Ballad of Ricky Bobby,8,2006,0
Tammy,7,2014,0
Tangled,11,2010,0
Taxi,10,2004,0
Team America: World Police,10,2004,0
Tears of the Sun,3,2003,0
Ted,6,2012,0
Ted 2,6,2015,1
Teen Titans GO! To the Movies,7,2018,0
Teenage Mutant Ninja Turtles,8,2014,0
Teenage Mutant Ninja Turtles: Mutant Mayhem,8,2023,0
Teenage Mutant Ninja Turtles: Out of the Shadows,6,2016,1
Terminator 3: Rise of the Machines,7,2003,0
Terminator Genisys,7,2015,1
Terminator Salvation,5,2009,0
Terminator: Dark Fate,10,2019,1
Testament of Youth,6,2015,0
Thank You for Your Service,10,2017,0
Thanksgiving,11,2023,0
That Awkward Moment,1,2014,0
That's My Boy,6,2012,0
The 15:17 to Paris,2,2018,0
The 33,11,2015,0
The 40-Year-Old Virgin,8,2005,0
The 5th Wave,1,2016,0
The 6th Day,11,2000,0
The A-Team,6,2010,0
The Accountant,10,2016,0
The Addams Family,10,2019,0
The Adjustment Bureau,3,2011,0
The Adventures of Pluto Nash,8,2002,0
The Adventures of Rocky & Bullwinkle,6,2000,0
The Adventures of Tintin,12,2011,0
The Age of Adaline,4,2015,0
The Alamo,4,2004,0
The Amazing Spider-Man,7,2012,0
The Amazing Spider-Man 2,5,2014,1
The American,9,2010,0
The Amityville Horror,4,2005,0
The Angry Birds Movie,5,2016,0
The Angry Birds Movie 2,8,2019,1
The Animal,6,2001,0
The Ant Bully,7,2006,0
The Apparition,8,2012,0
The Art of Racing in the Rain,8,2019,0
The Artist,11,2011,0
The Assassination of Jesse James by the Coward Robert Ford,9,2007,0
The Avengers,5,2012,0
The Aviator,12,2004,0
The BFG,7,2016,0
The Back-up Plan,4,2010,0
The Banger Sisters,9,2002,0
The Bank Job,3,2008,0
The Beaver,5,2011,0
The Beguiled,6,2017,0
The Believer,5,2002,0
The Benchwarmers,4,2006,0
The Best Man Holiday,11,2013,0
The Best of Enemies,4,2019,0
The Best of Me,10,2014,0
The Big Bounce,1,2004,0
The Big Short,12,2015,0
The Big Sick,6,2017,0
The Big Wedding,4,2013,0
The Big Year,10,2011,0
The Birth of a Nation,10,2016,0
The Black Dahlia,9,2006,0
The Blind Side,11,2009,0
The Boat That Rocked,11,2009,0
The Book Thief,11,2013,0
The Book of Eli,1,2010,0
The Book of Life,10,2014,0
The Book of Mormon Movie Volume 1: The Journey,9,2003,0
The Boondock Saints II: All Saints Day,10,2009,1
The Boss,4,2016,0
The Boss Baby,3,2017,0
The Bounty Hunter,3,2010,0
The Bourne Identity,6,2002,0
The Bourne Legacy,8,2012,0
The Bourne Supremacy,7,2004,1
The Bourne Ultimatum,8,2007,1
The Box,11,2009,0
The Boxtrolls,9,2014,0
The Boy,1,2016,0
The Boy Next Door,1,2015,0
The Brave One,9,2007,0
The Break-Up,6,2006,0
The Brothers,3,2001,0
The Brothers Bloom,5,2009,0
The Brothers Grimm,8,2005,0
The Brothers Grimsby,3,2016,0
The Brothers Solomon,9,2007,0
The Bucket List,12,2007,0
The Butler,8,2013,0
The Butterfly Effect,1,2004,0
The Bye Bye Man,1,2017,0
The Call,3,2013,0
The Campaign,8,2012,0
The Case for Christ,4,2017,0
The Cat in the Hat,11,2003,0
The Cave,10,2019,0
The Caveman's Valentine,3,2001,0
The Cell,8,2000,0
The Change-Up,8,2011,0
The Children of Huang Shi,5,2008,0
The Chronicles of Narnia: Prince Caspian,5,2008,0
The Chronicles of Narnia: The Lion the Witch and the Wardrobe,12,2005,0
"The Chronicles of Narnia: The Lion, the Witch and the Wardrobe",12,2005,0
The Chronicles of Narnia: The Voyage of the Dawn Treader,12,2010,0
The Chronicles of Riddick,6,2004,0
The Circle,4,2017,0
The Cold Light of Day,9,2012,0
The Collection,11,2012,1
The Collector,7,2009,0
The Commuter,1,2018,0
The Company,12,2003,0
The Conjuring,7,2013,0
The Conjuring 2,6,2016,0
The Constant Gardener,8,2005,0
The Contender,10,2000,0
The Cookout,9,2004,0
The Cooler,11,2003,0
The Core,3,2003,0
The Counselor,10,2013,0
The Count of Monte Cristo,1,2002,0
The Country Bears,7,2002,0
The Covenant,9,2006,0
The Crazies,2,2010,0
The Creator,9,2023,0
The Crocodile Hunter: Collision Course,7,2002,0
The Croods,3,2013,0
The Curious Case of Benjamin Button,12,2008,0
The Curse of La Llorona,4,2019,0
The Curse of the Jade Scorpion,8,2001,0
The DUFF,2,2015,0
The Da Vinci Code,5,2006,0
The Danish Girl,11,2015,0
The Darjeeling Limited,9,2007,0
The Dark Knight,7,2008,0
The Dark Knight Rises,7,2012,0
The Dark Tower,8,2017,0
The Darkest Hour,12,2011,0
The Darkest Minds,8,2018,0
The Darkness,5,2016,0
The Day After Tomorrow,5,2004,0
The Day the Earth Stood Still,12,2008,0
The Deep End,8,2001,0
The Departed,10,2006,0
The Descendants,11,2011,0
The Devil Inside,1,2012,0
The Devil Wears Prada,6,2006,0
The Devil's Double,7,2011,0
The Devil's Rejects,7,2005,1
The Dictator,5,2012,0
The Dilemma,1,2011,0
The Disappointments Room,9,2016,0
The Disaster Artist,12,2017,0
The Divergent Series: Insurgent,3,2015,0
The Door in the Floor,7,2004,0
The Drop,9,2014,0
The Duchess,9,2008,0
The Dukes of Hazzard,8,2005,0
The Eagle,2,2011,0
The Eclipse,3,2010,0
The Edge of Seventeen,12,2016,0
The Emoji Movie,7,2017,0
The Emperor's Club,11,2002,0
The Emperor's New Groove,12,2000,0
The Equalizer,9,2014,0
The Equalizer 2,7,2018,1
The Exorcism of Emily Rose,9,2005,0
The Exorcist: Believer,10,2023,1
The Expendables,8,2010,0
The Expendables 2,8,2012,0
The Expendables 3,8,2014,1
The Express,10,2008,0
The Eye,2,2008,0
The Family,9,2013,0
The Family Man,12,2000,0
The Family Stone,12,2005,0
The Farewell,7,2019,0
The Fast and the Furious,6,2001,0
The Fast and the Furious: Tokyo Drift,6,2006,0
The Fate of the Furious,4,2017,1
The Fault in Our Stars,6,2014,0
The Favourite,11,2018,0
The Fifth Estate,10,2013,0
The Fighter,12,2010,0
The Fighting Temptations,9,2003,0
The Final Destination,8,2009,0
The Finest Hours,1,2016,0
The First Purge,7,2018,1
The Five-Year Engagement,4,2012,0
The Flash,6,2023,0
The Flintstones in Viva Rock Vegas,4,2000,0
The Florida Project,10,2017,0
The Fog,10,2005,0
The Forbidden Kingdom,4,2008,0
The Foreigner,10,2017,0
The Forest,1,2016,0
The Forgotten,9,2004,0
The Forsaken,4,2001,0
The Fountain,11,2006,0
The Four Feathers,9,2002,0
The Fourth Kind,11,2009,0
The Future,7,2011,0
The Gallows,7,2015,0
The Gambler,12,2014,0
The Game Plan,9,2007,0
The Game of Their Lives,4,2005,0
The Gentlemen,12,2019,0
The Ghost Writer,2,2010,0
The Gift,12,2000,0
The Girl Next Door,4,2004,0
The Giver,8,2014,0
The Glass House,9,2001,0
The Golden Compass,12,2007,0
The Goldfinch,9,2019,0
The Good Dinosaur,11,2015,0
The Good German,12,2006,0
The Good Girl,8,2002,0
The Good Guy,2,2010,0
The Good Liar,11,2019,0
The Good Shepherd,12,2006,0
The Goods: Live Hard Sell Hard,8,2009,0
"The Goods: Live Hard, Sell Hard",8,2009,0
The Gospel,10,2005,0
The Gospel of John,9,2003,0
The Grand Budapest Hotel,3,2014,0
The Great Debaters,12,2007,0
The Great Gatsby,5,2013,0
The Great Raid,8,2005,0
The Greatest Game Ever Played,9,2005,0
The Greatest Movie Ever Sold,4,2011,0
The Greatest Showman,12,2017,0
The Green Hornet,1,2011,0
The Grey,1,2012,0
The Grinch,11,2018,0
The Grudge,10,2004,0
The Grudge 2,10,2006,0
The Guard,7,2011,0
The Guardian,9,2006,0
The Guilt Trip,12,2012,0
The Gunman,3,2015,0
The Guru,1,2003,0
The Hangover,6,2009,0
The Hangover Part II,5,2011,0
The Hangover Part III,5,2013,0
The Happening,6,2008,0
The Happytime Murders,8,2018,0
The Hate U Give,10,2018,0
The Hateful Eight,12,2015,0
The Haunted Mansion,11,2003,0
The Haunting of Molly Hartley,10,2008,0
The Heat,6,2013,0
The Hebrew Hammer,12,2003,0
The Help,8,2011,0
The Hills Have Eyes,3,2006,0
The Hills Have Eyes 2,3,2007,0
The History Boys,11,2006,0
The Hitchhiker's Guide to the Galaxy,4,2005,0
The Hitman's Bodyguard,8,2017,0
The Hobbit: An Unexpected Journey,12,2012,0
The Hobbit: The Battle of the Five Armies,12,2014,0
The Hobbit: The Desolation of Smaug,12,2013,0
The Holiday,12,2006,0
The Home Teachers,1,2004,0
The Homesman,11,2014,0
The Honeymooners,6,2005,0
The Host,3,2013,0
The Hours,12,2002,0
The House,6,2017,0
The House Bunny,8,2008,0
The House of Mirth,12,2000,0
The House with a Clock in Its Walls,9,2018,0
The Human Stain,10,2003,0
The Hundred-Foot Journey,8,2014,0
The Hunger Games,3,2012,0
The Hunger Games: Catching Fire,11,2013,1
The Hunger Games: Mockingjay - Part 1,11,2014,1
The Hunger Games: Mockingjay - Part 2,11,2015,0
The Hunger Games: The Ballad of Songbirds & Snakes,11,2023,0
The Hunted,3,2003,0
The Hunting Party,9,2007,0
The Huntsman: Winter's War,4,2016,0
The Hurricane Heist,3,2018,0
The Hustle,5,2019,0
The Ides of March,10,2011,0
The Illusionist,8,2006,0
The Imaginarium of Doctor Parnassus,12,2009,0
The Imitation Game,11,2014,0
The Immigrant,5,2014,0
The Importance of Being Earnest,5,2002,0
The Impossible,12,2012,0
The Incredible Burt Wonderstone,3,2013,0
The Incredible Hulk,6,2008,0
The Incredibles,11,2004,0
The Infiltrator,7,2016,0
The Informant!,9,2009,0
The Intern,9,2015,0
The International,2,2009,0
The Internship,6,2013,0
The Interpreter,4,2005,0
The Interview,12,2014,0
The Invasion,8,2007,0
The Invention of Lying,10,2009,0
The Iron Claw,12,2023,0
The Iron Lady,12,2011,0
The Italian Job,5,2003,0
The Jacket,3,2005,0
The Judge,10,2014,0
The Jungle Book,4,2016,0
The Jungle Book 2,2,2003,1
The Karate Kid,6,2010,0
The Kid,3,2019,0
The Kid Who Would Be King,1,2019,0
The Kids Are All Right,7,2010,0
The Killer Inside Me,6,2010,0
The Kingdom,9,2007,0
The Kitchen,8,2019,0
The Kite Runner,12,2007,0
The Ladies Man,10,2000,0
The Lady in the Van,12,2015,0
The Ladykillers,3,2004,0
The Lake House,6,2006,0
The Last Airbender,7,2010,0
The Last Castle,10,2001,0
The Last Exorcism,8,2010,0
The Last Exorcism Part II,3,2013,1
The Last House on the Left,3,2009,0
The Last King of Scotland,9,2006,0
The Last Kiss,9,2006,0
The Last Legion,8,2007,0
The Last Samurai,12,2003,0
The Last Sin Eater,2,2007,0
The Last Song,3,2010,0
The Last Stand,1,2013,0
The Last Voyage of the Demeter,8,2023,0
The Last Witch Hunter,10,2015,0
The Lazarus Effect,2,2015,0
The League of Extraordinary Gentlemen,7,2003,0
The Legend of Bagger Vance,11,2000,0
The Legend of Hercules,1,2014,0
The Legend of Tarzan,7,2016,0
The Legend of Zorro,10,2005,0
The Lego Batman Movie,2,2017,0
The Lego Movie,2,2014,0
The Lego Movie 2: The Second Part,2,2019,1
The Lego Ninjago Movie,9,2017,0
The Libertine,11,2005,0
The Life Aquatic with Steve Zissou,12,2004,0
The Life of David Gale,2,2003,0
The Light Between Oceans,9,2016,0
The Lighthouse,10,2019,0
The Lincoln Lawyer,3,2011,0
The Little Mermaid,8,2018,0
The Little Vampire,10,2000,0
The Lizzie McGuire Movie,5,2003,0
The Lone Ranger,7,2013,0
The Longest Ride,4,2015,0
The Longest Yard,5,2005,0
The Longshots,8,2008,0
The Lookout,3,2007,0
The Lorax,3,2012,0
The Lord of the Rings: The Fellowship of the Ring,12,2001,0
The Lord of the Rings: The Two Towers,12,2002,0
The Losers,4,2010,0
The Lost City of Z,4,2017,0
The Love Guru,6,2008,0
The Lovely Bones,12,2009,0
The Lucky One,4,2012,0
The Machine,5,2023,0
The Machinist,10,2004,0
The Magnificent Seven,9,2016,0
The Majestic,12,2001,0
The Man from U.N.C.L.E.,8,2015,0
The Man with the Iron Fists,11,2012,0
The Manchurian Candidate,7,2004,0
The Marine,10,2006,0
The Martian,10,2015,0
The Marvels,11,2023,1
The Master,9,2012,0
The Master of Disguise,8,2002,0
The Matador,12,2005,0
The Matrix Reloaded,5,2003,0
The Matrix Revolutions,11,2003,0
The Maze Runner,9,2014,0
The Mechanic,1,2011,0
The Medallion,8,2003,0
The Meg,8,2018,0
The Men Who Stare at Goats,11,2009,0
The Merchant of Venice,12,2004,0
The Messengers,2,2007,0
The Mexican,3,2001,0
The Mist,11,2007,0
The Monuments Men,2,2014,0
The Mortal Instruments: City of Bones,8,2013,0
The Mothman Prophecies,1,2002,0
The Mountain Between Us,10,2017,0
The Mule,12,2018,0
The Mummy,6,2017,0
The Mummy Returns,5,2001,1
The Mummy: Tomb of the Dragon Emperor,8,2008,0
The Muppets,11,2011,0
The Musketeer,9,2001,0
The Nativity Story,12,2006,0
The New Guy,5,2002,0
The New World,12,2005,0
The Next Best Thing,3,2000,0
The Next Three Days,11,2010,0
The Nice Guys,5,2016,0
The Night Before,11,2015,0
The Night Listener,8,2006,0
The November Man,8,2014,0
The Number 23,2,2007,0
The Nun,9,2018,0
The Nut Job,1,2014,0
The Nut Job 2: Nutty by Nature,8,2017,0
The Nutcracker and the Four Realms,11,2018,0
The Odd Life of Timothy Green,8,2012,0
The Oh in Ohio,7,2006,0
The Omen,6,2006,0
The Order,9,2003,0
The Original Kings of Comedy,8,2000,0
The Other Boleyn Girl,2,2008,0
The Other Guys,8,2010,0
The Other Side of the Door,3,2016,0
The Other Woman,4,2014,0
The Others,8,2001,0
The Pacifier,3,2005,0
The Painted Veil,12,2006,0
The Passion of the Christ,2,2004,0
The Patriot,6,2000,0
The Peanut Butter Falcon,8,2019,0
The Peanuts Movie,11,2015,0
The Perfect Guy,9,2015,0
The Perfect Man,6,2005,0
The Perfect Match,3,2016,0
The Perfect Storm,6,2000,0
The Perks of Being a Wallflower,9,2012,0
The Phantom of the Opera,12,2004,0
The Pianist,12,2002,0
The Pink Panther,2,2006,0
The Pink Panther 2,2,2009,0
The Pirates! Band of Misfits,4,2012,0
The Pledge,1,2001,0
The Polar Express,11,2004,0
The Possession,8,2012,0
The Possession of Hannah Grace,11,2018,0
The Post,12,2017,0
The Powerpuff Girls Movie,7,2002,0
The Predator,9,2018,1
The Prestige,10,2006,0
The Prince and Me,4,2004,0
The Princess Diaries,8,2001,0
The Princess Diaries 2: Royal Engagement,8,2004,0
The Princess and the Frog,11,2009,0
The Prize Winner of Defiance Ohio,9,2005,0
The Prodigy,2,2019,0
The Producers,12,2005,0
The Proposal,6,2009,0
The Punisher,4,2004,0
The Purge,6,2013,0
The Purge: Anarchy,7,2014,1
The Purge: Election Year,7,2016,1
The Pursuit of Happyness,12,2006,0
The Queen,9,2006,0
The Quiet American,11,2002,0
The Quiet Ones,4,2014,0
The Raven,4,2012,0
The Reader,12,2008,0
The Real Cancun,4,2003,0
The Reaping,4,2007,0
The Replacements,8,2000,0
The Revenant,12,2015,0
The Ring,10,2002,0
The Ring Two,3,2005,1
The Rite,1,2011,0
The Road,11,2009,0
The Road to El Dorado,3,2000,0
The Rocker,8,2008,0
The Rookie,3,2002,0
The Roommate,2,2011,0
The Rover,6,2014,0
The Royal Tenenbaums,12,2001,0
The Ruins,4,2008,0
The Rules of Attraction,10,2002,0
The Rum Diary,10,2011,0
The Runaways,3,2010,0
The Rundown,9,2003,0
The Santa Clause 2,11,2002,1
The Savages,11,2007,0
The Score,7,2001,0
The Scorpion King,4,2002,0
The Second Best Exotic Marigold Hotel,3,2015,0
The Secret Life of Bees,10,2008,0
The Secret Life of Pets,7,2016,0
The Secret Life of Pets 2,6,2019,1
The Secret Life of Walter Mitty,12,2013,0
The Sentinel,4,2006,0
The Sessions,10,2012,0
The Shack,3,2017,0
The Shaggy Dog,3,2006,0
The Shallows,6,2016,0
The Shape of Water,12,2017,0
The Shipping News,12,2001,0
The Simpsons Movie,7,2007,0
The Sisterhood of the Traveling Pants,6,2005,0
The Sisterhood of the Traveling Pants 2,8,2008,0
The Sisters Brothers,9,2018,0
The Sitter,12,2011,0
The Skeleton Key,8,2005,0
The Skeleton Twins,9,2014,0
The Smurfs,7,2011,0
The Smurfs 2,7,2013,0
The Snowman,10,2017,0
The Social Network,10,2010,0
The Soloist,4,2009,0
The Sorcerer's Apprentice,7,2010,0
The Space Between Us,2,2017,0
The Spectacular Now,8,2013,0
The Spiderwick Chronicles,2,2008,0
The Spirit,12,2008,0
The SpongeBob Movie: Sponge Out of Water,2,2015,0
The SpongeBob SquarePants Movie,11,2004,0
The Spy Next Door,1,2010,0
The Spy Who Dumped Me,8,2018,0
The Squid and the Whale,10,2005,0
The Star,11,2017,0
The Statement,12,2003,0
The Station Agent,10,2003,0
The Stepfather,10,2009,0
The Stepford Wives,6,2004,0
The Strangers,5,2008,0
The Strangers: Prey at Night,3,2018,1
The Sum of All Fears,5,2002,0
The Super Mario Bros. Movie,4,2023,0
The Sweetest Thing,4,2002,0
The Switch,8,2010,0
The Tailor of Panama,3,2001,0
The Taking of Pelham 123,6,2009,0
The Tale of Despereaux,12,2008,0
The Tempest,12,2010,0
The Terminal,6,2004,0
The Texas Chainsaw Massacre,10,2003,0
The Texas Chainsaw Massacre: The Beginning,10,2006,0
The Theory of Everything,11,2014,0
The Thing,10,2011,0
The Three Burials of Melquiades Estrada,12,2005,0
The Three Musketeers,10,2011,0
The Three Stooges,4,2012,0
The Tigger Movie,2,2000,0
The Time Machine,3,2002,0
The Time Traveler's Wife,8,2009,0
The To Do List,7,2013,0
The Tourist,12,2010,0
The Town,9,2010,0
The Transporter,10,2002,0
The Transporter Refueled,9,2015,1
The Tree of Life,5,2011,0
The Tuxedo,9,2002,0
The Twilight Saga: Breaking Dawn - Part 1,11,2011,0
The Twilight Saga: Breaking Dawn - Part 2,11,2012,0
The Twilight Saga: Eclipse,6,2010,0
The Twilight Saga: New Moon,11,2009,0
The Ugly Truth,7,2009,0
The Unborn,1,2009,0
The Upside of Anger,3,2005,0
The Vatican Tapes,7,2015,0
The Village,7,2004,0
The Virginity Hit,9,2010,0
The Visit,9,2015,0
The Vow,2,2012,0
The Walk,9,2015,0
The Warrior's Way,12,2010,0
The Wash,11,2001,0
The Watch,7,2012,0
The Water Diviner,4,2015,0
The Way Way Back,7,2013,0
The Way of the Gun,9,2000,0
The Weather Man,10,2005,0
The Wedding Date,2,2005,0
The Wedding Planner,1,2001,0
The Wedding Ringer,1,2015,0
The White Ribbon,12,2009,0
The Whole Nine Yards,2,2000,0
The Whole Ten Yards,4,2004,0
The Wild,4,2006,0
The Wild Thornberrys,12,2002,0
The Wolf of Wall Street,12,2013,0
The Wolfman,2,2010,0
The Wolverine,7,2013,0
The Woman in Black,2,2012,0
The Women,9,2008,0
The Words,9,2012,0
The Work and the Glory,11,2004,0
The Work and the Glory III: A House Divided,11,2006,0
The World's End,8,2013,0
The World's Fastest Indian,12,2005,0
The Wrestler,12,2008,0
The X Files: I Want to Believe,7,2008,0
The Yellow Handkerchief,2,2010,0
The Young Messiah,3,2016,0
The Young Victoria,12,2009,0
There Be Dragons,5,2011,0
There Will Be Blood,12,2007,0
They,11,2002,0
Things We Lost in the Fire,10,2007,0
Think Like a Man,4,2012,0
Think Like a Man Too,6,2014,0
Thir13en Ghosts,10,2001,0
Thirteen,8,2003,0
Thirteen Days,12,2000,0
This Christmas,11,2007,0
This Is 40,12,2012,0
This Is Where I Leave You,9,2014,0
This Is the End,6,2013,0
This Means War,2,2012,0
Thomas and the Magic Railroad,7,2000,0
Thor,5,2011,0
Thor: Ragnarok,11,2017,1
Thor: The Dark World,11,2013,0
Thr3e,1,2007,0
"Three Billboards Outside Ebbing, Missouri",12,2017,0
Thunderbirds,7,2004,0
Timeline,11,2003,0
Tinker Tailor Soldier Spy,12,2011,0
To Rome with Love,6,2012,0
To Save a Life,1,2010,0
Tolkien,5,2019,0
Tomb Raider,3,2018,0
Tomcats,3,2001,0
Tomorrowland,5,2015,0
Tooth Fairy,1,2010,0
Top Five,12,2014,0
Torque,1,2004,0
Total Recall,8,2012,0
Tower Heist,11,2011,0
Town & Country,4,2001,0
Toy Story 3,6,2010,1
Toy Story 4,6,2019,1
Traffic,12,2000,0
Traffik,4,2018,0
Training Day,10,2001,0
Trainwreck,7,2015,0
Traitor,8,2008,0
Trance,4,2013,0
Transamerica,12,2005,0
Transcendence,4,2014,0
Transformers,7,2007,0
Transformers: Age of Extinction,6,2014,1
Transformers: Dark of the Moon,6,2011,0
Transformers: Revenge of the Fallen,6,2009,0
Transformers: Rise of the Beasts,6,2023,0
Transformers: The Last Knight,6,2017,0
Transporter 2,9,2005,1
Transporter 3,11,2008,0
Transsiberian,7,2008,0
Trapped,3,2016,0
Treasure Planet,11,2002,0
Triple 9,2,2016,0
Trolls,11,2016,0
Trolls Band Together,10,2023,1
Tron: Legacy,12,2010,0
Tropic Thunder,8,2008,0
Trouble with the Curve,9,2012,0
Troy,5,2004,0
True Grit,12,2010,0
Truth,10,2015,0
Truth or Dare,4,2018,0
Tuck Everlasting,10,2002,0
Tulip Fever,9,2017,0
Turbo,7,2013,0
Turistas,12,2006,0
Twelve,8,2010,0
Twilight,11,2008,0
Twisted,2,2004,0
Two Brothers,6,2004,0
Two Can Play That Game,9,2001,0
Two Weeks Notice,12,2002,0
Two for the Money,10,2005,0
U-571,4,2000,0
UglyDolls,5,2019,0
Ultraviolet,3,2006,0
Unaccompanied Minors,12,2006,0
Unbreakable,11,2000,0
Unbroken,12,2014,0
Unbroken: Path to Redemption,9,2018,1
Uncle Drew,6,2018,0
Under the Tuscan Sun,9,2003,0
Underclassman,9,2005,0
Undercover Brother,5,2002,0
Underworld,9,2003,0
Underworld: Awakening,1,2012,0
Underworld: Blood Wars,1,2017,0
Underworld: Evolution,1,2006,0
Underworld: Rise of the Lycans,1,2009,0
Undiscovered,8,2005,0
Undisputed,8,2002,0
Unfaithful,5,2002,0
Unfinished Business,3,2015,0
Unforgettable,4,2017,0
Unfriended: Dark Web,7,2018,1
United 93,4,2006,0
Unknown,2,2011,0
Unleashed,5,2005,0
Unplanned,3,2019,0
Unsane,3,2018,0
Unstoppable,11,2010,0
Untraceable,1,2008,0
Up,5,2009,0
Up in the Air,12,2009,0
Upgrade,6,2018,0
Uptown Girls,8,2003,0
Urban Legends: Final Cut,9,2000,1
Us,3,2019,0
V for Vendetta,3,2006,0
Vacancy,4,2007,0
Vacation,7,2015,1
Valentine,2,2001,0
Valentine's Day,2,2010,0
Valerian and the City of a Thousand Planets,7,2017,0
Valiant,8,2005,0
Valkyrie,12,2008,0
Vampires Suck,8,2010,0
Van Helsing,5,2004,0
Vanilla Sky,12,2001,0
Vanity Fair,9,2004,0
Vantage Point,2,2008,0
Venom,10,2018,0
Venus,12,2006,0
Vera Drake,10,2004,0
Veronica Guerin,10,2003,0
Veronica Mars,3,2014,0
Vertical Limit,12,2000,0
Vice,12,2018,0
Vicky Cristina Barcelona,8,2008,0
Victor Frankenstein,11,2015,0
Volver,11,2006,0
W.,10,2008,0
Waiting...,10,2005,0
Waitress,5,2007,0
Walk Hard: The Dewey Cox Story,12,2007,0
Walk the Line,11,2005,0
Walking Tall,4,2004,0
Walking with Dinosaurs 3D,12,2013,0
Wall Street: Money Never Sleeps,9,2010,0
Wallace & Gromit: The Curse of the Were-Rabbit,10,2005,0
Waltz with Bashir,12,2008,0
Wanderlust,2,2012,0
Wanted,6,2008,0
War Dogs,8,2016,0
War Horse,12,2011,0
War Room,8,2015,0
War for the Planet of the Apes,7,2017,1
War of the Worlds,6,2005,0
Warcraft,6,2016,0
Warm Bodies,2,2013,0
Warrior,9,2011,0
Watchmen,3,2009,0
Water,4,2006,0
Water for Elephants,4,2011,0
We Are Marshall,12,2006,0
We Are Your Friends,8,2015,0
We Bought a Zoo,12,2011,0
We Don't Live Here Anymore,8,2004,0
We Need to Talk About Kevin,12,2011,0
We Own the Night,10,2007,0
We Were Soldiers,3,2002,0
We're the Millers,8,2013,0
Wedding Crashers,7,2005,0
Welcome Home Roscoe Jenkins,2,2008,0
Welcome to Marwen,12,2018,0
Welcome to Mooseport,2,2004,0
What Happens in Vegas,5,2008,0
What If,8,2014,0
What Lies Beneath,7,2000,0
What Men Want,2,2019,0
What Planet Are You From?,3,2000,0
What Women Want,12,2000,0
What a Girl Wants,4,2003,0
What to Expect When You're Expecting,5,2012,0
What's Your Number?,9,2011,0
What's the Worst That Could Happen?,6,2001,0
Whatever Works,6,2009,0
When a Stranger Calls,2,2006,0
When the Bough Breaks,9,2016,0
When the Game Stands Tall,8,2014,0
Where the Truth Lies,10,2005,0
Where the Wild Things Are,10,2009,0
Whip It,10,2009,0
Whiplash,10,2014,0
Whiskey Tango Foxtrot,3,2016,0
White Boy Rick,9,2018,0
White Chicks,6,2004,0
White House Down,6,2013,0
White Noise,1,2005,0
White Oleander,10,2002,0
Whiteout,9,2009,0
Who's Your Caddy?,7,2007,0
Why Did I Get Married Too?,4,2010,0
Why Did I Get Married?,10,2007,0
Why Him?,12,2016,0
Wicker Park,9,2004,0
Widows,11,2018,0
Wild,12,2014,0
Wild Hogs,3,2007,0
Wild Target,10,2010,0
Willard,3,2003,0
Wimbledon,9,2004,0
Win Win,3,2011,0
Win a Date with Tad Hamilton!,1,2004,0
Winchester,2,2018,0
Wind River,8,2017,0
Windtalkers,6,2002,0
Winnie the Pooh,7,2011,0
Winter's Bone,6,2010,0
Winter's Tale,2,2014,0
Wish,11,2023,0
Wish I Was Here,7,2014,0
Wish Upon,7,2017,0
Without a Paddle,8,2004,0
Wolf Creek,12,2005,0
Woman Thou Art Loosed,10,2004,0
Woman in Gold,4,2015,0
Won't Back Down,9,2012,0
Wonder,11,2017,0
Wonder Boys,2,2000,0
Wonder Park,3,2019,0
Wonder Woman,6,2017,0
Wonka,12,2023,0
Woodlawn,10,2015,0
World Trade Center,8,2006,0
World War Z,6,2013,0
Wrath of the Titans,3,2012,0
Wreck-It Ralph,11,2012,0
Wrong Turn,5,2003,0
X-Men,7,2000,0
X-Men 2,5,2003,0
X-Men Origins: Wolverine,5,2009,0
X-Men: Apocalypse,5,2016,0
X-Men: Dark Phoenix,6,2019,0
X-Men: Days of Future Past,5,2014,0
X-Men: First Class,6,2011,0
X-Men: The Last Stand,5,2006,0
Year One,6,2009,0
Yes Man,12,2008,0
Yesterday,6,2019,0
Yogi Bear,12,2010,0
You Again,9,2010,0
You Can Count on Me,11,2000,0
You Don't Mess with the Zohan,6,2008,0
You Got Served,1,2004,0
You Me and Dupree,7,2006,0
You Will Meet a Tall Dark Stranger,9,2010,0
"You, Me and Dupree",7,2006,0
Young Adult,12,2011,0
Your Highness,4,2011,0
Yours Mine & Ours,11,2005,0
Youth,12,2015,0
Zack and Miri Make a Porno,10,2008,0
Zero Dark Thirty,12,2012,0
Zodiac,3,2007,0
Zombieland,10,2009,0
Zombieland: Double Tap,10,2019,1
Zookeeper,7,2011,0
Zoolander,9,2001,0
Zoolander 2,2,2016,1
Zoom,8,2006,0
Zootopia,3,2016,0
xXx,8,2002,0
xXx: Return of Xander Cage,1,2017,1
�on Flux,12,2005,0
